,mean_fit_time,std_fit_time,mean_score_time,std_score_time,param_colsample_bytree,param_gamma,param_learning_rate,param_max_depth,param_n_estimators,param_subsample,params,split0_test_score,split1_test_score,split2_test_score,split3_test_score,split4_test_score,mean_test_score,std_test_score,rank_test_score
0,1.2665128231048584,0.10777659247923602,0.011165046691894531,0.003161381094679613,0.4,0,0.01,5,150,0.5,"{'colsample_bytree': 0.4, 'gamma': 0, 'learning_rate': 0.01, 'max_depth': 5, 'n_estimators': 150, 'subsample': 0.5}",0.2831858407079646,0.2743362831858407,0.35398230088495575,0.2831858407079646,0.336283185840708,0.30619469026548674,0.03244301376959888,209
1,1.3149978637695312,0.11538280715065355,0.0094085693359375,0.000670410399373308,0.4,0,0.01,5,150,0.7,"{'colsample_bytree': 0.4, 'gamma': 0, 'learning_rate': 0.01, 'max_depth': 5, 'n_estimators': 150, 'subsample': 0.7}",0.2920353982300885,0.3008849557522124,0.336283185840708,0.2831858407079646,0.3274336283185841,0.30796460176991153,0.020488206907593325,180
2,1.2863215446472167,0.1692248606671713,0.010987329483032226,0.0020285507019608064,0.4,0,0.01,5,150,0.9,"{'colsample_bytree': 0.4, 'gamma': 0, 'learning_rate': 0.01, 'max_depth': 5, 'n_estimators': 150, 'subsample': 0.9}",0.2831858407079646,0.3274336283185841,0.336283185840708,0.25663716814159293,0.3185840707964602,0.304424778761062,0.029931919513783656,226
3,1.5253103733062745,0.04652316973690659,0.01312704086303711,0.0032975160424311423,0.4,0,0.01,5,200,0.5,"{'colsample_bytree': 0.4, 'gamma': 0, 'learning_rate': 0.01, 'max_depth': 5, 'n_estimators': 200, 'subsample': 0.5}",0.2831858407079646,0.2831858407079646,0.3274336283185841,0.2743362831858407,0.336283185840708,0.3008849557522124,0.025648454418034417,238
4,2.4061094760894775,0.2634187674136185,0.019601106643676758,0.007282957596104746,0.4,0,0.01,5,200,0.7,"{'colsample_bytree': 0.4, 'gamma': 0, 'learning_rate': 0.01, 'max_depth': 5, 'n_estimators': 200, 'subsample': 0.7}",0.3008849557522124,0.30973451327433627,0.35398230088495575,0.3008849557522124,0.34513274336283184,0.3221238938053097,0.022803714560575433,29
5,1.838719654083252,0.08190408378146954,0.014887857437133788,0.003108585903355997,0.4,0,0.01,5,200,0.9,"{'colsample_bytree': 0.4, 'gamma': 0, 'learning_rate': 0.01, 'max_depth': 5, 'n_estimators': 200, 'subsample': 0.9}",0.2831858407079646,0.3274336283185841,0.36283185840707965,0.2831858407079646,0.3274336283185841,0.31681415929203544,0.03034766053005708,73
6,2.462022399902344,0.5357396962016138,0.020917701721191406,0.008937389491212467,0.4,0,0.01,5,250,0.5,"{'colsample_bytree': 0.4, 'gamma': 0, 'learning_rate': 0.01, 'max_depth': 5, 'n_estimators': 250, 'subsample': 0.5}",0.2920353982300885,0.2920353982300885,0.3274336283185841,0.2920353982300885,0.336283185840708,0.30796460176991153,0.01970890039939831,180
7,3.0489134788513184,0.571857942436232,0.01457972526550293,0.0017128742494630887,0.4,0,0.01,5,250,0.7,"{'colsample_bytree': 0.4, 'gamma': 0, 'learning_rate': 0.01, 'max_depth': 5, 'n_estimators': 250, 'subsample': 0.7}",0.2831858407079646,0.2831858407079646,0.35398230088495575,0.3008849557522124,0.336283185840708,0.3115044247787611,0.02875765806950783,119
8,2.37496075630188,0.07064775754985213,0.013788795471191407,0.0024975676812932896,0.4,0,0.01,5,250,0.9,"{'colsample_bytree': 0.4, 'gamma': 0, 'learning_rate': 0.01, 'max_depth': 5, 'n_estimators': 250, 'subsample': 0.9}",0.2743362831858407,0.3008849557522124,0.35398230088495575,0.2831858407079646,0.336283185840708,0.30973451327433627,0.030655766505643854,170
9,1.406880521774292,0.10318026588353049,0.009520626068115235,0.0014021027802907748,0.4,0,0.01,6,150,0.5,"{'colsample_bytree': 0.4, 'gamma': 0, 'learning_rate': 0.01, 'max_depth': 6, 'n_estimators': 150, 'subsample': 0.5}",0.2920353982300885,0.2831858407079646,0.35398230088495575,0.2920353982300885,0.3274336283185841,0.3097345132743363,0.02684203697009398,149
10,1.5528795719146729,0.132030625995472,0.010723161697387695,0.0013302856794294225,0.4,0,0.01,6,150,0.7,"{'colsample_bytree': 0.4, 'gamma': 0, 'learning_rate': 0.01, 'max_depth': 6, 'n_estimators': 150, 'subsample': 0.7}",0.2920353982300885,0.3008849557522124,0.37168141592920356,0.3008849557522124,0.336283185840708,0.32035398230088497,0.029827078843102157,35
11,1.4565866947174073,0.13058063773674883,0.00928635597229004,0.00047873423382956994,0.4,0,0.01,6,150,0.9,"{'colsample_bytree': 0.4, 'gamma': 0, 'learning_rate': 0.01, 'max_depth': 6, 'n_estimators': 150, 'subsample': 0.9}",0.2920353982300885,0.3185840707964602,0.35398230088495575,0.2831858407079646,0.3185840707964602,0.31327433628318585,0.0247787610619469,110
12,1.650275421142578,0.05025683985612382,0.01022958755493164,0.0006314755224221957,0.4,0,0.01,6,200,0.5,"{'colsample_bytree': 0.4, 'gamma': 0, 'learning_rate': 0.01, 'max_depth': 6, 'n_estimators': 200, 'subsample': 0.5}",0.2920353982300885,0.2831858407079646,0.34513274336283184,0.2920353982300885,0.3274336283185841,0.3079646017699115,0.02400824772787705,205
13,1.9719269752502442,0.1463654884934614,0.011694812774658203,0.0016860042777296616,0.4,0,0.01,6,200,0.7,"{'colsample_bytree': 0.4, 'gamma': 0, 'learning_rate': 0.01, 'max_depth': 6, 'n_estimators': 200, 'subsample': 0.7}",0.2831858407079646,0.30973451327433627,0.336283185840708,0.3185840707964602,0.34513274336283184,0.31858407079646023,0.021676900378612196,47
14,1.7248164176940919,0.030676253174804904,0.01121978759765625,0.000602988413662226,0.4,0,0.01,6,200,0.9,"{'colsample_bytree': 0.4, 'gamma': 0, 'learning_rate': 0.01, 'max_depth': 6, 'n_estimators': 200, 'subsample': 0.9}",0.2831858407079646,0.336283185840708,0.34513274336283184,0.2920353982300885,0.3274336283185841,0.31681415929203544,0.024652014649883397,73
15,2.0788368225097655,0.11665384650127274,0.011701202392578125,0.0005579700099339854,0.4,0,0.01,6,250,0.5,"{'colsample_bytree': 0.4, 'gamma': 0, 'learning_rate': 0.01, 'max_depth': 6, 'n_estimators': 250, 'subsample': 0.5}",0.2831858407079646,0.2831858407079646,0.336283185840708,0.2920353982300885,0.34513274336283184,0.30796460176991153,0.02707443989518293,180
16,2.2138843536376953,0.13157718537641003,0.013747596740722656,0.002119869798858701,0.4,0,0.01,6,250,0.7,"{'colsample_bytree': 0.4, 'gamma': 0, 'learning_rate': 0.01, 'max_depth': 6, 'n_estimators': 250, 'subsample': 0.7}",0.2920353982300885,0.30973451327433627,0.34513274336283184,0.2920353982300885,0.35398230088495575,0.31858407079646023,0.026252030042816496,47
17,2.1202425003051757,0.0201369046370991,0.012794160842895507,0.000291131699798237,0.4,0,0.01,6,250,0.9,"{'colsample_bytree': 0.4, 'gamma': 0, 'learning_rate': 0.01, 'max_depth': 6, 'n_estimators': 250, 'subsample': 0.9}",0.3008849557522124,0.336283185840708,0.35398230088495575,0.2743362831858407,0.336283185840708,0.32035398230088497,0.028757658069507832,35
18,1.3794356822967528,0.10717125299094488,0.009377193450927735,0.0011569961458385285,0.4,0,0.01,7,150,0.5,"{'colsample_bytree': 0.4, 'gamma': 0, 'learning_rate': 0.01, 'max_depth': 7, 'n_estimators': 150, 'subsample': 0.5}",0.2920353982300885,0.2831858407079646,0.35398230088495575,0.2831858407079646,0.3274336283185841,0.3079646017699115,0.02820774770001633,205
19,1.40812349319458,0.1000817258479685,0.01020641326904297,0.0022787856985020927,0.4,0,0.01,7,150,0.7,"{'colsample_bytree': 0.4, 'gamma': 0, 'learning_rate': 0.01, 'max_depth': 7, 'n_estimators': 150, 'subsample': 0.7}",0.2831858407079646,0.3008849557522124,0.36283185840707965,0.3274336283185841,0.336283185840708,0.32212389380530976,0.027759977241341813,26
20,1.4508471965789795,0.04127354618232022,0.01143035888671875,0.0025001069527248207,0.4,0,0.01,7,150,0.9,"{'colsample_bytree': 0.4, 'gamma': 0, 'learning_rate': 0.01, 'max_depth': 7, 'n_estimators': 150, 'subsample': 0.9}",0.2831858407079646,0.3185840707964602,0.34513274336283184,0.2831858407079646,0.3274336283185841,0.31150442477876106,0.024652014649883397,143
21,1.6859979629516602,0.07134086913710092,0.010747480392456054,0.0018896852114849347,0.4,0,0.01,7,200,0.5,"{'colsample_bytree': 0.4, 'gamma': 0, 'learning_rate': 0.01, 'max_depth': 7, 'n_estimators': 200, 'subsample': 0.5}",0.2743362831858407,0.3008849557522124,0.34513274336283184,0.2920353982300885,0.336283185840708,0.30973451327433627,0.026842036970093987,170
22,1.8291054248809815,0.01568324471156546,0.011610841751098633,0.0008945429070853661,0.4,0,0.01,7,200,0.7,"{'colsample_bytree': 0.4, 'gamma': 0, 'learning_rate': 0.01, 'max_depth': 7, 'n_estimators': 200, 'subsample': 0.7}",0.2920353982300885,0.3185840707964602,0.336283185840708,0.3185840707964602,0.35398230088495575,0.32389380530973455,0.02064053768086832,13
23,2.0261666774749756,0.09785105117868337,0.01354060173034668,0.002282791978865483,0.4,0,0.01,7,200,0.9,"{'colsample_bytree': 0.4, 'gamma': 0, 'learning_rate': 0.01, 'max_depth': 7, 'n_estimators': 200, 'subsample': 0.9}",0.2920353982300885,0.3274336283185841,0.34513274336283184,0.2920353982300885,0.336283185840708,0.31858407079646023,0.022387806443669937,47
24,2.1229316711425783,0.12829072797024424,0.011440515518188477,0.00014628296220049408,0.4,0,0.01,7,250,0.5,"{'colsample_bytree': 0.4, 'gamma': 0, 'learning_rate': 0.01, 'max_depth': 7, 'n_estimators': 250, 'subsample': 0.5}",0.2920353982300885,0.2831858407079646,0.336283185840708,0.2920353982300885,0.336283185840708,0.30796460176991153,0.02334673620933261,180
25,2.3856999397277834,0.1606428258429204,0.013286209106445313,0.0007408398060054611,0.4,0,0.01,7,250,0.7,"{'colsample_bytree': 0.4, 'gamma': 0, 'learning_rate': 0.01, 'max_depth': 7, 'n_estimators': 250, 'subsample': 0.7}",0.2831858407079646,0.30973451327433627,0.3274336283185841,0.3008849557522124,0.34513274336283184,0.31327433628318585,0.021385922077158528,110
26,2.46321382522583,0.16446254368203264,0.01778273582458496,0.0055039381940819075,0.4,0,0.01,7,250,0.9,"{'colsample_bytree': 0.4, 'gamma': 0, 'learning_rate': 0.01, 'max_depth': 7, 'n_estimators': 250, 'subsample': 0.9}",0.3008849557522124,0.3274336283185841,0.336283185840708,0.3008849557522124,0.34513274336283184,0.3221238938053098,0.018222354231835387,19
27,1.0654374599456786,0.027971915271294744,0.00767359733581543,0.0005004349658716431,0.4,0.025,0.01,5,150,0.5,"{'colsample_bytree': 0.4, 'gamma': 0.025, 'learning_rate': 0.01, 'max_depth': 5, 'n_estimators': 150, 'subsample': 0.5}",0.2920353982300885,0.2920353982300885,0.34513274336283184,0.2831858407079646,0.336283185840708,0.30973451327433627,0.025648454418034403,170
28,1.1966617584228516,0.08204598010227983,0.009465742111206054,0.0025690686979633393,0.4,0.025,0.01,5,150,0.7,"{'colsample_bytree': 0.4, 'gamma': 0.025, 'learning_rate': 0.01, 'max_depth': 5, 'n_estimators': 150, 'subsample': 0.7}",0.2920353982300885,0.3008849557522124,0.336283185840708,0.2831858407079646,0.3274336283185841,0.30796460176991153,0.020488206907593325,180
29,1.128600835800171,0.050522363461185306,0.008564376831054687,0.001740013449165056,0.4,0.025,0.01,5,150,0.9,"{'colsample_bytree': 0.4, 'gamma': 0.025, 'learning_rate': 0.01, 'max_depth': 5, 'n_estimators': 150, 'subsample': 0.9}",0.2831858407079646,0.3274336283185841,0.336283185840708,0.26548672566371684,0.3185840707964602,0.30619469026548674,0.027189896452632242,209
30,1.4555732250213622,0.1044108880831235,0.009365081787109375,0.00078611299278023,0.4,0.025,0.01,5,200,0.5,"{'colsample_bytree': 0.4, 'gamma': 0.025, 'learning_rate': 0.01, 'max_depth': 5, 'n_estimators': 200, 'subsample': 0.5}",0.2743362831858407,0.2831858407079646,0.336283185840708,0.2831858407079646,0.336283185840708,0.3026548672566372,0.02764690150763419,230
31,1.5689774990081786,0.12645447169635549,0.009331798553466797,0.0004315672542877106,0.4,0.025,0.01,5,200,0.7,"{'colsample_bytree': 0.4, 'gamma': 0.025, 'learning_rate': 0.01, 'max_depth': 5, 'n_estimators': 200, 'subsample': 0.7}",0.3008849557522124,0.30973451327433627,0.35398230088495575,0.2920353982300885,0.336283185840708,0.31858407079646023,0.02307682267328371,47
32,1.4737823486328125,0.1062662753679829,0.009487390518188477,0.00021168922353293672,0.4,0.025,0.01,5,200,0.9,"{'colsample_bytree': 0.4, 'gamma': 0.025, 'learning_rate': 0.01, 'max_depth': 5, 'n_estimators': 200, 'subsample': 0.9}",0.2831858407079646,0.3185840707964602,0.36283185840707965,0.2831858407079646,0.3274336283185841,0.31504424778761064,0.02993191951378366,89
33,1.7939467906951905,0.09252627306058347,0.010548162460327148,0.0002891759829521289,0.4,0.025,0.01,5,250,0.5,"{'colsample_bytree': 0.4, 'gamma': 0.025, 'learning_rate': 0.01, 'max_depth': 5, 'n_estimators': 250, 'subsample': 0.5}",0.2831858407079646,0.2920353982300885,0.3274336283185841,0.2920353982300885,0.336283185840708,0.30619469026548674,0.02138592207715854,209
34,1.8839879989624024,0.08481738508195986,0.012159109115600586,0.0016017439174387915,0.4,0.025,0.01,5,250,0.7,"{'colsample_bytree': 0.4, 'gamma': 0.025, 'learning_rate': 0.01, 'max_depth': 5, 'n_estimators': 250, 'subsample': 0.7}",0.2920353982300885,0.2920353982300885,0.35398230088495575,0.30973451327433627,0.336283185840708,0.3168141592920354,0.024652014649883397,76
35,1.7824203968048096,0.03312411466651283,0.011764955520629884,0.00037477263299893614,0.4,0.025,0.01,5,250,0.9,"{'colsample_bytree': 0.4, 'gamma': 0.025, 'learning_rate': 0.01, 'max_depth': 5, 'n_estimators': 250, 'subsample': 0.9}",0.2831858407079646,0.3008849557522124,0.34513274336283184,0.2920353982300885,0.336283185840708,0.3115044247787611,0.024652014649883397,119
36,1.22636981010437,0.05200609748903277,0.00812673568725586,0.0005875193620300985,0.4,0.025,0.01,6,150,0.5,"{'colsample_bytree': 0.4, 'gamma': 0.025, 'learning_rate': 0.01, 'max_depth': 6, 'n_estimators': 150, 'subsample': 0.5}",0.2920353982300885,0.2831858407079646,0.35398230088495575,0.2920353982300885,0.3274336283185841,0.3097345132743363,0.02684203697009398,149
37,1.3465362071990967,0.11061801324761876,0.009132194519042968,0.0008170812009770136,0.4,0.025,0.01,6,150,0.7,"{'colsample_bytree': 0.4, 'gamma': 0.025, 'learning_rate': 0.01, 'max_depth': 6, 'n_estimators': 150, 'subsample': 0.7}",0.2920353982300885,0.3008849557522124,0.37168141592920356,0.3008849557522124,0.3274336283185841,0.3185840707964602,0.029082613672840683,62
38,1.3377890110015869,0.09021321417881402,0.010311698913574219,0.003090490108405172,0.4,0.025,0.01,6,150,0.9,"{'colsample_bytree': 0.4, 'gamma': 0.025, 'learning_rate': 0.01, 'max_depth': 6, 'n_estimators': 150, 'subsample': 0.9}",0.2920353982300885,0.3185840707964602,0.34513274336283184,0.2831858407079646,0.3185840707964602,0.3115044247787611,0.0219640241521962,119
39,1.535279893875122,0.02030744554638883,0.009693431854248046,0.0004934957835666423,0.4,0.025,0.01,6,200,0.5,"{'colsample_bytree': 0.4, 'gamma': 0.025, 'learning_rate': 0.01, 'max_depth': 6, 'n_estimators': 200, 'subsample': 0.5}",0.2831858407079646,0.3008849557522124,0.34513274336283184,0.2920353982300885,0.3274336283185841,0.3097345132743363,0.023076822673283707,149
40,1.726584529876709,0.08524490017464847,0.01002192497253418,0.00018165123902334307,0.4,0.025,0.01,6,200,0.7,"{'colsample_bytree': 0.4, 'gamma': 0.025, 'learning_rate': 0.01, 'max_depth': 6, 'n_estimators': 200, 'subsample': 0.7}",0.2920353982300885,0.3274336283185841,0.35398230088495575,0.3274336283185841,0.34513274336283184,0.3292035398230088,0.021238938053097338,8
41,1.7387445449829102,0.06614414556226313,0.011012411117553711,0.0009141288770611714,0.4,0.025,0.01,6,200,0.9,"{'colsample_bytree': 0.4, 'gamma': 0.025, 'learning_rate': 0.01, 'max_depth': 6, 'n_estimators': 200, 'subsample': 0.9}",0.2831858407079646,0.336283185840708,0.34513274336283184,0.3008849557522124,0.3274336283185841,0.3185840707964602,0.02307682267328371,62
42,1.9726475715637206,0.09220801360907901,0.011356592178344727,0.00045252622611780354,0.4,0.025,0.01,6,250,0.5,"{'colsample_bytree': 0.4, 'gamma': 0.025, 'learning_rate': 0.01, 'max_depth': 6, 'n_estimators': 250, 'subsample': 0.5}",0.2831858407079646,0.2831858407079646,0.336283185840708,0.2920353982300885,0.34513274336283184,0.30796460176991153,0.02707443989518293,180
43,2.229429912567139,0.13360242816532492,0.013188600540161133,0.0013051167951868244,0.4,0.025,0.01,6,250,0.7,"{'colsample_bytree': 0.4, 'gamma': 0.025, 'learning_rate': 0.01, 'max_depth': 6, 'n_estimators': 250, 'subsample': 0.7}",0.2831858407079646,0.30973451327433627,0.34513274336283184,0.3008849557522124,0.34513274336283184,0.3168141592920354,0.02465201464988339,76
44,2.137484073638916,0.09093298859490065,0.013140535354614258,0.0010632961906881398,0.4,0.025,0.01,6,250,0.9,"{'colsample_bytree': 0.4, 'gamma': 0.025, 'learning_rate': 0.01, 'max_depth': 6, 'n_estimators': 250, 'subsample': 0.9}",0.2920353982300885,0.3274336283185841,0.34513274336283184,0.2743362831858407,0.336283185840708,0.31504424778761064,0.027189896452632246,89
45,1.2697130203247071,0.06464212769248141,0.008506345748901366,0.0006870123989024164,0.4,0.025,0.01,7,150,0.5,"{'colsample_bytree': 0.4, 'gamma': 0.025, 'learning_rate': 0.01, 'max_depth': 7, 'n_estimators': 150, 'subsample': 0.5}",0.2920353982300885,0.2831858407079646,0.35398230088495575,0.2920353982300885,0.3274336283185841,0.3097345132743363,0.02684203697009398,149
46,1.401620101928711,0.061315119791184224,0.009361982345581055,0.0008880947995137277,0.4,0.025,0.01,7,150,0.7,"{'colsample_bytree': 0.4, 'gamma': 0.025, 'learning_rate': 0.01, 'max_depth': 7, 'n_estimators': 150, 'subsample': 0.7}",0.2743362831858407,0.3008849557522124,0.36283185840707965,0.3185840707964602,0.3274336283185841,0.3168141592920354,0.02929724841990593,76
47,1.4185330867767334,0.052271993482440535,0.009294462203979493,0.0004045720197065809,0.4,0.025,0.01,7,150,0.9,"{'colsample_bytree': 0.4, 'gamma': 0.025, 'learning_rate': 0.01, 'max_depth': 7, 'n_estimators': 150, 'subsample': 0.9}",0.2920353982300885,0.3185840707964602,0.35398230088495575,0.2831858407079646,0.3274336283185841,0.31504424778761064,0.02540300901665013,89
48,1.7173281192779541,0.0755915866101164,0.01135396957397461,0.001955000074631932,0.4,0.025,0.01,7,200,0.5,"{'colsample_bytree': 0.4, 'gamma': 0.025, 'learning_rate': 0.01, 'max_depth': 7, 'n_estimators': 200, 'subsample': 0.5}",0.2743362831858407,0.3008849557522124,0.34513274336283184,0.2920353982300885,0.336283185840708,0.30973451327433627,0.026842036970093987,170
49,1.843239974975586,0.08457915843336794,0.011629581451416016,0.0012053891154962485,0.4,0.025,0.01,7,200,0.7,"{'colsample_bytree': 0.4, 'gamma': 0.025, 'learning_rate': 0.01, 'max_depth': 7, 'n_estimators': 200, 'subsample': 0.7}",0.2920353982300885,0.3185840707964602,0.336283185840708,0.3274336283185841,0.34513274336283184,0.32389380530973455,0.018222354231835398,13
50,1.909101390838623,0.09956215833913834,0.01177668571472168,0.0008372634014858601,0.4,0.025,0.01,7,200,0.9,"{'colsample_bytree': 0.4, 'gamma': 0.025, 'learning_rate': 0.01, 'max_depth': 7, 'n_estimators': 200, 'subsample': 0.9}",0.2920353982300885,0.3274336283185841,0.34513274336283184,0.2920353982300885,0.336283185840708,0.31858407079646023,0.022387806443669937,47
51,2.1949001789093017,0.11095117600905152,0.011855888366699218,0.0009390094886481561,0.4,0.025,0.01,7,250,0.5,"{'colsample_bytree': 0.4, 'gamma': 0.025, 'learning_rate': 0.01, 'max_depth': 7, 'n_estimators': 250, 'subsample': 0.5}",0.2920353982300885,0.3008849557522124,0.336283185840708,0.2743362831858407,0.34513274336283184,0.30973451327433627,0.026842036970093987,170
52,2.3343859195709227,0.027089581071567923,0.013428211212158203,0.0010497511719076648,0.4,0.025,0.01,7,250,0.7,"{'colsample_bytree': 0.4, 'gamma': 0.025, 'learning_rate': 0.01, 'max_depth': 7, 'n_estimators': 250, 'subsample': 0.7}",0.2831858407079646,0.30973451327433627,0.3274336283185841,0.3008849557522124,0.34513274336283184,0.31327433628318585,0.021385922077158528,110
53,2.5475574493408204,0.10938717267405745,0.0150543212890625,0.002719490365728749,0.4,0.025,0.01,7,250,0.9,"{'colsample_bytree': 0.4, 'gamma': 0.025, 'learning_rate': 0.01, 'max_depth': 7, 'n_estimators': 250, 'subsample': 0.9}",0.3008849557522124,0.3274336283185841,0.34513274336283184,0.2920353982300885,0.34513274336283184,0.3221238938053097,0.022106187604950065,29
54,1.0764862537384032,0.02776006242606313,0.007643795013427735,0.0004323295734587067,0.4,0.05,0.01,5,150,0.5,"{'colsample_bytree': 0.4, 'gamma': 0.05, 'learning_rate': 0.01, 'max_depth': 5, 'n_estimators': 150, 'subsample': 0.5}",0.2920353982300885,0.2831858407079646,0.35398230088495575,0.2831858407079646,0.3274336283185841,0.3079646017699115,0.02820774770001633,205
55,1.1284895896911622,0.08524100845083667,0.008556461334228516,0.0013278793564993048,0.4,0.05,0.01,5,150,0.7,"{'colsample_bytree': 0.4, 'gamma': 0.05, 'learning_rate': 0.01, 'max_depth': 5, 'n_estimators': 150, 'subsample': 0.7}",0.2920353982300885,0.3008849557522124,0.336283185840708,0.2831858407079646,0.3274336283185841,0.30796460176991153,0.020488206907593325,180
56,1.1015652179718018,0.057421011239529994,0.007718372344970703,0.0002708107381126018,0.4,0.05,0.01,5,150,0.9,"{'colsample_bytree': 0.4, 'gamma': 0.05, 'learning_rate': 0.01, 'max_depth': 5, 'n_estimators': 150, 'subsample': 0.9}",0.2831858407079646,0.3274336283185841,0.336283185840708,0.24778761061946902,0.3185840707964602,0.3026548672566372,0.03282696812564852,230
57,1.4609807968139648,0.07281632353931622,0.009547281265258788,0.0013522725123578643,0.4,0.05,0.01,5,200,0.5,"{'colsample_bytree': 0.4, 'gamma': 0.05, 'learning_rate': 0.01, 'max_depth': 5, 'n_estimators': 200, 'subsample': 0.5}",0.2743362831858407,0.2831858407079646,0.336283185840708,0.2831858407079646,0.336283185840708,0.3026548672566372,0.02764690150763419,230
58,1.4406985282897948,0.022128974092787648,0.009552383422851562,0.0005081807444998747,0.4,0.05,0.01,5,200,0.7,"{'colsample_bytree': 0.4, 'gamma': 0.05, 'learning_rate': 0.01, 'max_depth': 5, 'n_estimators': 200, 'subsample': 0.7}",0.3008849557522124,0.30973451327433627,0.35398230088495575,0.2920353982300885,0.34513274336283184,0.32035398230088497,0.024652014649883387,35
59,1.477321243286133,0.07371203591204877,0.009309625625610352,0.00032142098483616265,0.4,0.05,0.01,5,200,0.9,"{'colsample_bytree': 0.4, 'gamma': 0.05, 'learning_rate': 0.01, 'max_depth': 5, 'n_estimators': 200, 'subsample': 0.9}",0.2831858407079646,0.3185840707964602,0.36283185840707965,0.2831858407079646,0.3274336283185841,0.31504424778761064,0.02993191951378366,89
60,1.7906277179718018,0.1079932792349305,0.011831426620483398,0.0018343280092214865,0.4,0.05,0.01,5,250,0.5,"{'colsample_bytree': 0.4, 'gamma': 0.05, 'learning_rate': 0.01, 'max_depth': 5, 'n_estimators': 250, 'subsample': 0.5}",0.2831858407079646,0.3008849557522124,0.3274336283185841,0.2920353982300885,0.336283185840708,0.30796460176991153,0.020488206907593325,180
61,1.8685550689697266,0.08933545371007927,0.011377716064453125,0.0006092959379902468,0.4,0.05,0.01,5,250,0.7,"{'colsample_bytree': 0.4, 'gamma': 0.05, 'learning_rate': 0.01, 'max_depth': 5, 'n_estimators': 250, 'subsample': 0.7}",0.2743362831858407,0.2831858407079646,0.35398230088495575,0.3008849557522124,0.336283185840708,0.30973451327433627,0.03065576650564385,170
62,1.804316806793213,0.11531466892893626,0.01134028434753418,0.0006760341653178182,0.4,0.05,0.01,5,250,0.9,"{'colsample_bytree': 0.4, 'gamma': 0.05, 'learning_rate': 0.01, 'max_depth': 5, 'n_estimators': 250, 'subsample': 0.9}",0.2831858407079646,0.3008849557522124,0.34513274336283184,0.2920353982300885,0.336283185840708,0.3115044247787611,0.024652014649883397,119
63,1.234921646118164,0.08479491833155833,0.007911968231201171,0.00037110859032848833,0.4,0.05,0.01,6,150,0.5,"{'colsample_bytree': 0.4, 'gamma': 0.05, 'learning_rate': 0.01, 'max_depth': 6, 'n_estimators': 150, 'subsample': 0.5}",0.2920353982300885,0.2831858407079646,0.35398230088495575,0.2920353982300885,0.3274336283185841,0.3097345132743363,0.02684203697009398,149
64,1.2716915607452393,0.05817863305386819,0.008379459381103516,0.00033595081367463224,0.4,0.05,0.01,6,150,0.7,"{'colsample_bytree': 0.4, 'gamma': 0.05, 'learning_rate': 0.01, 'max_depth': 6, 'n_estimators': 150, 'subsample': 0.7}",0.3008849557522124,0.3008849557522124,0.37168141592920356,0.3185840707964602,0.3274336283185841,0.32389380530973455,0.026012280454334635,13
65,1.3211264133453369,0.06021758451463866,0.009801816940307618,0.002786552078211673,0.4,0.05,0.01,6,150,0.9,"{'colsample_bytree': 0.4, 'gamma': 0.05, 'learning_rate': 0.01, 'max_depth': 6, 'n_estimators': 150, 'subsample': 0.9}",0.2920353982300885,0.30973451327433627,0.35398230088495575,0.2831858407079646,0.3185840707964602,0.3115044247787611,0.024652014649883397,119
66,1.5963749885559082,0.04684607309746589,0.009830951690673828,0.0008636957119716764,0.4,0.05,0.01,6,200,0.5,"{'colsample_bytree': 0.4, 'gamma': 0.05, 'learning_rate': 0.01, 'max_depth': 6, 'n_estimators': 200, 'subsample': 0.5}",0.2920353982300885,0.2920353982300885,0.34513274336283184,0.2920353982300885,0.34513274336283184,0.31327433628318585,0.02601228045433462,110
67,1.7407992362976075,0.06238735544689535,0.012027740478515625,0.0019560349905597962,0.4,0.05,0.01,6,200,0.7,"{'colsample_bytree': 0.4, 'gamma': 0.05, 'learning_rate': 0.01, 'max_depth': 6, 'n_estimators': 200, 'subsample': 0.7}",0.3008849557522124,0.3274336283185841,0.35398230088495575,0.3185840707964602,0.35398230088495575,0.33097345132743367,0.020640537680868314,3
68,1.7199317455291747,0.08035133068934877,0.010512304306030274,0.00027149461335191835,0.4,0.05,0.01,6,200,0.9,"{'colsample_bytree': 0.4, 'gamma': 0.05, 'learning_rate': 0.01, 'max_depth': 6, 'n_estimators': 200, 'subsample': 0.9}",0.2831858407079646,0.3274336283185841,0.34513274336283184,0.2831858407079646,0.3274336283185841,0.3132743362831859,0.02540300901665013,103
69,1.9869019031524657,0.10502286375347705,0.011645221710205078,0.0005653514873353792,0.4,0.05,0.01,6,250,0.5,"{'colsample_bytree': 0.4, 'gamma': 0.05, 'learning_rate': 0.01, 'max_depth': 6, 'n_estimators': 250, 'subsample': 0.5}",0.2831858407079646,0.2831858407079646,0.34513274336283184,0.2920353982300885,0.336283185840708,0.30796460176991153,0.027074439895182927,180
70,2.1873428344726564,0.1662428760384568,0.012285518646240234,0.00041734313588269494,0.4,0.05,0.01,6,250,0.7,"{'colsample_bytree': 0.4, 'gamma': 0.05, 'learning_rate': 0.01, 'max_depth': 6, 'n_estimators': 250, 'subsample': 0.7}",0.2831858407079646,0.30973451327433627,0.34513274336283184,0.3008849557522124,0.35398230088495575,0.31858407079646023,0.026842036970093977,47
71,2.1917014598846434,0.11112219013928468,0.012953567504882812,0.0005961519033603345,0.4,0.05,0.01,6,250,0.9,"{'colsample_bytree': 0.4, 'gamma': 0.05, 'learning_rate': 0.01, 'max_depth': 6, 'n_estimators': 250, 'subsample': 0.9}",0.3008849557522124,0.3185840707964602,0.35398230088495575,0.2743362831858407,0.336283185840708,0.3168141592920354,0.02764690150763418,76
72,1.2457314014434815,0.05078395156561667,0.008085870742797851,0.0006728735730528642,0.4,0.05,0.01,7,150,0.5,"{'colsample_bytree': 0.4, 'gamma': 0.05, 'learning_rate': 0.01, 'max_depth': 7, 'n_estimators': 150, 'subsample': 0.5}",0.2920353982300885,0.2920353982300885,0.35398230088495575,0.2920353982300885,0.3274336283185841,0.31150442477876106,0.025279392667408314,143
73,1.4094238758087159,0.06732815638558415,0.00955977439880371,0.0010678539275799398,0.4,0.05,0.01,7,150,0.7,"{'colsample_bytree': 0.4, 'gamma': 0.05, 'learning_rate': 0.01, 'max_depth': 7, 'n_estimators': 150, 'subsample': 0.7}",0.2831858407079646,0.3008849557522124,0.35398230088495575,0.3274336283185841,0.3274336283185841,0.3185840707964602,0.024396546463876498,62
74,1.4439007759094238,0.11814010823059884,0.009502267837524414,0.0005500950733335824,0.4,0.05,0.01,7,150,0.9,"{'colsample_bytree': 0.4, 'gamma': 0.05, 'learning_rate': 0.01, 'max_depth': 7, 'n_estimators': 150, 'subsample': 0.9}",0.2920353982300885,0.3185840707964602,0.35398230088495575,0.2831858407079646,0.3274336283185841,0.31504424778761064,0.02540300901665013,89
75,1.7779088020324707,0.12136994846506709,0.01011500358581543,0.00038098673045655233,0.4,0.05,0.01,7,200,0.5,"{'colsample_bytree': 0.4, 'gamma': 0.05, 'learning_rate': 0.01, 'max_depth': 7, 'n_estimators': 200, 'subsample': 0.5}",0.2920353982300885,0.3008849557522124,0.34513274336283184,0.2920353982300885,0.34513274336283184,0.3150442477876106,0.02477876106194689,100
76,1.8875245571136474,0.12625831355318112,0.011222314834594727,0.001030174941059782,0.4,0.05,0.01,7,200,0.7,"{'colsample_bytree': 0.4, 'gamma': 0.05, 'learning_rate': 0.01, 'max_depth': 7, 'n_estimators': 200, 'subsample': 0.7}",0.2920353982300885,0.3185840707964602,0.34513274336283184,0.3274336283185841,0.336283185840708,0.32389380530973455,0.018222354231835398,13
77,1.8990635871887207,0.07175031476786731,0.011732816696166992,0.0007925149621813827,0.4,0.05,0.01,7,200,0.9,"{'colsample_bytree': 0.4, 'gamma': 0.05, 'learning_rate': 0.01, 'max_depth': 7, 'n_estimators': 200, 'subsample': 0.9}",0.2920353982300885,0.3274336283185841,0.34513274336283184,0.3008849557522124,0.336283185840708,0.32035398230088497,0.02048820690759331,35
78,2.121913290023804,0.09708825518037703,0.01156926155090332,0.00023620965019096758,0.4,0.05,0.01,7,250,0.5,"{'colsample_bytree': 0.4, 'gamma': 0.05, 'learning_rate': 0.01, 'max_depth': 7, 'n_estimators': 250, 'subsample': 0.5}",0.2920353982300885,0.3008849557522124,0.336283185840708,0.2831858407079646,0.34513274336283184,0.3115044247787611,0.024652014649883397,119
79,2.381628179550171,0.10096953234923434,0.014977550506591797,0.0025061486840271324,0.4,0.05,0.01,7,250,0.7,"{'colsample_bytree': 0.4, 'gamma': 0.05, 'learning_rate': 0.01, 'max_depth': 7, 'n_estimators': 250, 'subsample': 0.7}",0.2831858407079646,0.3185840707964602,0.3274336283185841,0.3008849557522124,0.34513274336283184,0.31504424778761064,0.021385922077158528,89
80,2.4936684131622315,0.16021214888658836,0.015627288818359376,0.002558430233785753,0.4,0.05,0.01,7,250,0.9,"{'colsample_bytree': 0.4, 'gamma': 0.05, 'learning_rate': 0.01, 'max_depth': 7, 'n_estimators': 250, 'subsample': 0.9}",0.3008849557522124,0.3274336283185841,0.34513274336283184,0.2920353982300885,0.34513274336283184,0.3221238938053097,0.022106187604950065,29
81,1.2405360698699952,0.07498542434519592,0.007961130142211914,0.0007867353830515038,0.5,0,0.01,5,150,0.5,"{'colsample_bytree': 0.5, 'gamma': 0, 'learning_rate': 0.01, 'max_depth': 5, 'n_estimators': 150, 'subsample': 0.5}",0.2920353982300885,0.3008849557522124,0.34513274336283184,0.2743362831858407,0.3185840707964602,0.30619469026548674,0.024138374684930713,209
82,1.3032542228698731,0.07384716068300251,0.009348678588867187,0.002076949727170449,0.5,0,0.01,5,150,0.7,"{'colsample_bytree': 0.5, 'gamma': 0, 'learning_rate': 0.01, 'max_depth': 5, 'n_estimators': 150, 'subsample': 0.7}",0.2920353982300885,0.2920353982300885,0.34513274336283184,0.3008849557522124,0.336283185840708,0.31327433628318585,0.022803714560575436,110
83,1.2647952079772948,0.08639885159270977,0.008586978912353516,0.000815187612765086,0.5,0,0.01,5,150,0.9,"{'colsample_bytree': 0.5, 'gamma': 0, 'learning_rate': 0.01, 'max_depth': 5, 'n_estimators': 150, 'subsample': 0.9}",0.2831858407079646,0.2920353982300885,0.336283185840708,0.2743362831858407,0.3274336283185841,0.3026548672566372,0.024652014649883407,230
84,1.7239986419677735,0.1208044542764683,0.010094308853149414,0.0012689675224470582,0.5,0,0.01,5,200,0.5,"{'colsample_bytree': 0.5, 'gamma': 0, 'learning_rate': 0.01, 'max_depth': 5, 'n_estimators': 200, 'subsample': 0.5}",0.2743362831858407,0.3185840707964602,0.336283185840708,0.2831858407079646,0.3274336283185841,0.30796460176991153,0.024652014649883407,180
85,1.765489435195923,0.13063153081125634,0.00966033935546875,0.0006229181447877104,0.5,0,0.01,5,200,0.7,"{'colsample_bytree': 0.5, 'gamma': 0, 'learning_rate': 0.01, 'max_depth': 5, 'n_estimators': 200, 'subsample': 0.7}",0.3008849557522124,0.3008849557522124,0.36283185840707965,0.2920353982300885,0.34513274336283184,0.32035398230088497,0.02820774770001632,35
86,1.7127192497253418,0.09629868394648351,0.01071481704711914,0.0018556633862095546,0.5,0,0.01,5,200,0.9,"{'colsample_bytree': 0.5, 'gamma': 0, 'learning_rate': 0.01, 'max_depth': 5, 'n_estimators': 200, 'subsample': 0.9}",0.2743362831858407,0.3008849557522124,0.336283185840708,0.2920353982300885,0.3274336283185841,0.30619469026548674,0.022803714560575453,209
87,2.1998916625976563,0.1598473047114799,0.011031389236450195,0.0008888509136570034,0.5,0,0.01,5,250,0.5,"{'colsample_bytree': 0.5, 'gamma': 0, 'learning_rate': 0.01, 'max_depth': 5, 'n_estimators': 250, 'subsample': 0.5}",0.2831858407079646,0.3185840707964602,0.3185840707964602,0.2831858407079646,0.3274336283185841,0.30619469026548674,0.019062530290741612,209
88,2.253085565567017,0.15847242655809243,0.011997318267822266,0.0010012054849414022,0.5,0,0.01,5,250,0.7,"{'colsample_bytree': 0.5, 'gamma': 0, 'learning_rate': 0.01, 'max_depth': 5, 'n_estimators': 250, 'subsample': 0.7}",0.2831858407079646,0.30973451327433627,0.36283185840707965,0.3008849557522124,0.35398230088495575,0.3221238938053098,0.03096080652130248,19
89,2.1585100650787354,0.08826738153533402,0.01198573112487793,0.00041391965904817086,0.5,0,0.01,5,250,0.9,"{'colsample_bytree': 0.5, 'gamma': 0, 'learning_rate': 0.01, 'max_depth': 5, 'n_estimators': 250, 'subsample': 0.9}",0.2743362831858407,0.3008849557522124,0.336283185840708,0.2831858407079646,0.336283185840708,0.30619469026548674,0.02601228045433465,209
90,1.4057406425476073,0.06829446610256983,0.008202028274536134,0.0005830566864910244,0.5,0,0.01,6,150,0.5,"{'colsample_bytree': 0.5, 'gamma': 0, 'learning_rate': 0.01, 'max_depth': 6, 'n_estimators': 150, 'subsample': 0.5}",0.2920353982300885,0.30973451327433627,0.34513274336283184,0.3008849557522124,0.3185840707964602,0.31327433628318585,0.018222354231835387,110
91,1.569191837310791,0.12933824497161744,0.00877828598022461,0.00039947183122639976,0.5,0,0.01,6,150,0.7,"{'colsample_bytree': 0.5, 'gamma': 0, 'learning_rate': 0.01, 'max_depth': 6, 'n_estimators': 150, 'subsample': 0.7}",0.3008849557522124,0.3008849557522124,0.35398230088495575,0.3185840707964602,0.336283185840708,0.32212389380530976,0.02064053768086831,26
92,1.4864203929901123,0.029911774911273482,0.009230804443359376,0.00047020250415777854,0.5,0,0.01,6,150,0.9,"{'colsample_bytree': 0.5, 'gamma': 0, 'learning_rate': 0.01, 'max_depth': 6, 'n_estimators': 150, 'subsample': 0.9}",0.26548672566371684,0.2920353982300885,0.34513274336283184,0.2831858407079646,0.3185840707964602,0.3008849557522124,0.027984758054587416,238
93,1.9382239818572997,0.161331512257721,0.009844732284545899,0.000469835915372318,0.5,0,0.01,6,200,0.5,"{'colsample_bytree': 0.5, 'gamma': 0, 'learning_rate': 0.01, 'max_depth': 6, 'n_estimators': 200, 'subsample': 0.5}",0.2743362831858407,0.3185840707964602,0.34513274336283184,0.30973451327433627,0.30973451327433627,0.31150442477876106,0.022665926504187077,143
94,2.0630948066711428,0.11358712447995656,0.010478401184082031,0.00019834491974763183,0.5,0,0.01,6,200,0.7,"{'colsample_bytree': 0.5, 'gamma': 0, 'learning_rate': 0.01, 'max_depth': 6, 'n_estimators': 200, 'subsample': 0.7}",0.30973451327433627,0.30973451327433627,0.36283185840707965,0.30973451327433627,0.36283185840707965,0.33097345132743367,0.02601228045433465,3
95,2.034319305419922,0.12171421830882061,0.010697078704833985,0.0004200995279203117,0.5,0,0.01,6,200,0.9,"{'colsample_bytree': 0.5, 'gamma': 0, 'learning_rate': 0.01, 'max_depth': 6, 'n_estimators': 200, 'subsample': 0.9}",0.2831858407079646,0.2831858407079646,0.3274336283185841,0.2920353982300885,0.3274336283185841,0.3026548672566372,0.020488206907593322,230
96,2.314076805114746,0.10435871739627892,0.011186313629150391,0.0004555185315421126,0.5,0,0.01,6,250,0.5,"{'colsample_bytree': 0.5, 'gamma': 0, 'learning_rate': 0.01, 'max_depth': 6, 'n_estimators': 250, 'subsample': 0.5}",0.2831858407079646,0.3185840707964602,0.34513274336283184,0.2920353982300885,0.3185840707964602,0.3115044247787611,0.0219640241521962,119
97,2.501284456253052,0.09866679148958275,0.012250995635986328,0.0005490768509628185,0.5,0,0.01,6,250,0.7,"{'colsample_bytree': 0.5, 'gamma': 0, 'learning_rate': 0.01, 'max_depth': 6, 'n_estimators': 250, 'subsample': 0.7}",0.3008849557522124,0.3185840707964602,0.36283185840707965,0.3185840707964602,0.34513274336283184,0.3292035398230088,0.021964024152196202,8
98,2.5203238010406492,0.13522175144508505,0.013228368759155274,0.00024867116776247395,0.5,0,0.01,6,250,0.9,"{'colsample_bytree': 0.5, 'gamma': 0, 'learning_rate': 0.01, 'max_depth': 6, 'n_estimators': 250, 'subsample': 0.9}",0.26548672566371684,0.2831858407079646,0.336283185840708,0.30973451327433627,0.336283185840708,0.30619469026548674,0.028318584070796463,209
99,1.4288593769073485,0.0628511613418339,0.00935659408569336,0.0018106251059091256,0.5,0,0.01,7,150,0.5,"{'colsample_bytree': 0.5, 'gamma': 0, 'learning_rate': 0.01, 'max_depth': 7, 'n_estimators': 150, 'subsample': 0.5}",0.2831858407079646,0.30973451327433627,0.34513274336283184,0.3008849557522124,0.30973451327433627,0.3097345132743363,0.020180096019453763,149
100,1.568871021270752,0.06347421605531345,0.011089515686035157,0.004030754509754012,0.5,0,0.01,7,150,0.7,"{'colsample_bytree': 0.5, 'gamma': 0, 'learning_rate': 0.01, 'max_depth': 7, 'n_estimators': 150, 'subsample': 0.7}",0.3008849557522124,0.2920353982300885,0.35398230088495575,0.30973451327433627,0.336283185840708,0.3185840707964602,0.02307682267328371,62
101,1.7225592613220215,0.10069656634737639,0.009716796875,0.0003894169236526907,0.5,0,0.01,7,150,0.9,"{'colsample_bytree': 0.5, 'gamma': 0, 'learning_rate': 0.01, 'max_depth': 7, 'n_estimators': 150, 'subsample': 0.9}",0.2743362831858407,0.3008849557522124,0.336283185840708,0.2831858407079646,0.3274336283185841,0.304424778761062,0.02413837468493073,226
102,1.9447100162506104,0.11426458464851524,0.009467983245849609,0.0002941858276686914,0.5,0,0.01,7,200,0.5,"{'colsample_bytree': 0.5, 'gamma': 0, 'learning_rate': 0.01, 'max_depth': 7, 'n_estimators': 200, 'subsample': 0.5}",0.2743362831858407,0.3185840707964602,0.34513274336283184,0.3008849557522124,0.3185840707964602,0.3115044247787611,0.023346736209332596,119
103,2.2053927898406984,0.11220944224843273,0.011173486709594727,0.0006119209282124065,0.5,0,0.01,7,200,0.7,"{'colsample_bytree': 0.5, 'gamma': 0, 'learning_rate': 0.01, 'max_depth': 7, 'n_estimators': 200, 'subsample': 0.7}",0.30973451327433627,0.3008849557522124,0.36283185840707965,0.3274336283185841,0.35398230088495575,0.33097345132743367,0.024138374684930717,3
104,2.2354531288146973,0.09263542018326,0.012078619003295899,0.0010687873377652445,0.5,0,0.01,7,200,0.9,"{'colsample_bytree': 0.5, 'gamma': 0, 'learning_rate': 0.01, 'max_depth': 7, 'n_estimators': 200, 'subsample': 0.9}",0.2920353982300885,0.3008849557522124,0.336283185840708,0.3274336283185841,0.336283185840708,0.31858407079646023,0.018562988463188528,47
105,2.3510205268859865,0.01597037808723754,0.011344146728515626,0.00025612074773390185,0.5,0,0.01,7,250,0.5,"{'colsample_bytree': 0.5, 'gamma': 0, 'learning_rate': 0.01, 'max_depth': 7, 'n_estimators': 250, 'subsample': 0.5}",0.2831858407079646,0.3185840707964602,0.34513274336283184,0.2920353982300885,0.3274336283185841,0.3132743362831859,0.022803714560575436,103
106,2.7957912921905517,0.13217763497246496,0.014570379257202148,0.002011055254405896,0.5,0,0.01,7,250,0.7,"{'colsample_bytree': 0.5, 'gamma': 0, 'learning_rate': 0.01, 'max_depth': 7, 'n_estimators': 250, 'subsample': 0.7}",0.2920353982300885,0.3008849557522124,0.3274336283185841,0.3185840707964602,0.34513274336283184,0.3168141592920354,0.018897483631913813,76
107,2.762858581542969,0.1459919014365046,0.015375375747680664,0.0019231558305686366,0.5,0,0.01,7,250,0.9,"{'colsample_bytree': 0.5, 'gamma': 0, 'learning_rate': 0.01, 'max_depth': 7, 'n_estimators': 250, 'subsample': 0.9}",0.2743362831858407,0.30973451327433627,0.3185840707964602,0.3185840707964602,0.336283185840708,0.3115044247787611,0.020488206907593332,119
108,1.2244231224060058,0.04450688946343195,0.00800948143005371,0.000963954242251741,0.5,0.025,0.01,5,150,0.5,"{'colsample_bytree': 0.5, 'gamma': 0.025, 'learning_rate': 0.01, 'max_depth': 5, 'n_estimators': 150, 'subsample': 0.5}",0.2920353982300885,0.3008849557522124,0.35398230088495575,0.2831858407079646,0.3185840707964602,0.30973451327433627,0.025030328537576897,170
109,1.3014350891113282,0.06480244378297947,0.009113931655883789,0.0021818002554248642,0.5,0.025,0.01,5,150,0.7,"{'colsample_bytree': 0.5, 'gamma': 0.025, 'learning_rate': 0.01, 'max_depth': 5, 'n_estimators': 150, 'subsample': 0.7}",0.2831858407079646,0.2920353982300885,0.34513274336283184,0.3008849557522124,0.336283185840708,0.3115044247787611,0.024652014649883397,119
110,1.2515113353729248,0.048664610639604935,0.007775354385375977,0.00029729936047339885,0.5,0.025,0.01,5,150,0.9,"{'colsample_bytree': 0.5, 'gamma': 0.025, 'learning_rate': 0.01, 'max_depth': 5, 'n_estimators': 150, 'subsample': 0.9}",0.2831858407079646,0.2831858407079646,0.336283185840708,0.2743362831858407,0.3274336283185841,0.3008849557522124,0.025648454418034417,238
111,1.6520030498504639,0.08969127746312407,0.009286212921142577,0.0008005381365410572,0.5,0.025,0.01,5,200,0.5,"{'colsample_bytree': 0.5, 'gamma': 0.025, 'learning_rate': 0.01, 'max_depth': 5, 'n_estimators': 200, 'subsample': 0.5}",0.2743362831858407,0.3185840707964602,0.34513274336283184,0.2831858407079646,0.3274336283185841,0.3097345132743363,0.026842036970093987,149
112,1.7126118183135985,0.08638132142888082,0.009217500686645508,0.00042392022144887464,0.5,0.025,0.01,5,200,0.7,"{'colsample_bytree': 0.5, 'gamma': 0.025, 'learning_rate': 0.01, 'max_depth': 5, 'n_estimators': 200, 'subsample': 0.7}",0.3008849557522124,0.3008849557522124,0.36283185840707965,0.2920353982300885,0.35398230088495575,0.3221238938053098,0.029931919513783645,19
113,1.7296079635620116,0.12807240386633842,0.009744882583618164,0.0007829365567700294,0.5,0.025,0.01,5,200,0.9,"{'colsample_bytree': 0.5, 'gamma': 0.025, 'learning_rate': 0.01, 'max_depth': 5, 'n_estimators': 200, 'subsample': 0.9}",0.2743362831858407,0.30973451327433627,0.336283185840708,0.3008849557522124,0.3274336283185841,0.3097345132743363,0.021676900378612207,149
114,2.0897233963012694,0.13302124252711714,0.010475635528564453,0.00027137208622865673,0.5,0.025,0.01,5,250,0.5,"{'colsample_bytree': 0.5, 'gamma': 0.025, 'learning_rate': 0.01, 'max_depth': 5, 'n_estimators': 250, 'subsample': 0.5}",0.2831858407079646,0.3185840707964602,0.3274336283185841,0.2831858407079646,0.3274336283185841,0.30796460176991153,0.020488206907593322,180
115,2.1305954456329346,0.08007070207793537,0.012809085845947265,0.004254017250300744,0.5,0.025,0.01,5,250,0.7,"{'colsample_bytree': 0.5, 'gamma': 0.025, 'learning_rate': 0.01, 'max_depth': 5, 'n_estimators': 250, 'subsample': 0.7}",0.2831858407079646,0.3008849557522124,0.36283185840707965,0.2920353982300885,0.35398230088495575,0.31858407079646023,0.03311201227233576,47
116,2.10724196434021,0.10520866522501368,0.011395835876464843,0.0007442689470431264,0.5,0.025,0.01,5,250,0.9,"{'colsample_bytree': 0.5, 'gamma': 0.025, 'learning_rate': 0.01, 'max_depth': 5, 'n_estimators': 250, 'subsample': 0.9}",0.2743362831858407,0.3008849557522124,0.34513274336283184,0.2920353982300885,0.336283185840708,0.30973451327433627,0.026842036970093987,170
117,1.3904881954193116,0.06728579970803059,0.00824127197265625,0.0006718315166958951,0.5,0.025,0.01,6,150,0.5,"{'colsample_bytree': 0.5, 'gamma': 0.025, 'learning_rate': 0.01, 'max_depth': 6, 'n_estimators': 150, 'subsample': 0.5}",0.2831858407079646,0.30973451327433627,0.34513274336283184,0.3008849557522124,0.3185840707964602,0.3115044247787611,0.02048820690759331,119
118,1.456254005432129,0.05601046934337676,0.008326959609985352,0.0001723216128621787,0.5,0.025,0.01,6,150,0.7,"{'colsample_bytree': 0.5, 'gamma': 0.025, 'learning_rate': 0.01, 'max_depth': 6, 'n_estimators': 150, 'subsample': 0.7}",0.3008849557522124,0.3008849557522124,0.35398230088495575,0.30973451327433627,0.336283185840708,0.32035398230088497,0.021238938053097338,35
119,1.5585416316986085,0.09171225406865997,0.008543014526367188,0.00033767256268420133,0.5,0.025,0.01,6,150,0.9,"{'colsample_bytree': 0.5, 'gamma': 0.025, 'learning_rate': 0.01, 'max_depth': 6, 'n_estimators': 150, 'subsample': 0.9}",0.26548672566371684,0.2831858407079646,0.336283185840708,0.2743362831858407,0.3274336283185841,0.2973451327433628,0.028866383062478043,243
120,1.8281431674957276,0.09303036560093443,0.009619855880737304,0.0005079657328164112,0.5,0.025,0.01,6,200,0.5,"{'colsample_bytree': 0.5, 'gamma': 0.025, 'learning_rate': 0.01, 'max_depth': 6, 'n_estimators': 200, 'subsample': 0.5}",0.2743362831858407,0.3185840707964602,0.35398230088495575,0.3008849557522124,0.30973451327433627,0.31150442477876106,0.02589157316518194,143
121,1.9405404090881349,0.09649210020166653,0.011171102523803711,0.0018952006377958583,0.5,0.025,0.01,6,200,0.7,"{'colsample_bytree': 0.5, 'gamma': 0.025, 'learning_rate': 0.01, 'max_depth': 6, 'n_estimators': 200, 'subsample': 0.7}",0.30973451327433627,0.30973451327433627,0.36283185840707965,0.30973451327433627,0.34513274336283184,0.3274336283185841,0.02238780644366995,11
122,1.983652448654175,0.07803253841662852,0.011686325073242188,0.0015110187910550425,0.5,0.025,0.01,6,200,0.9,"{'colsample_bytree': 0.5, 'gamma': 0.025, 'learning_rate': 0.01, 'max_depth': 6, 'n_estimators': 200, 'subsample': 0.9}",0.2831858407079646,0.3008849557522124,0.34513274336283184,0.2920353982300885,0.336283185840708,0.3115044247787611,0.024652014649883397,119
123,2.27754864692688,0.09617356900497487,0.011248970031738281,0.0003971505842883396,0.5,0.025,0.01,6,250,0.5,"{'colsample_bytree': 0.5, 'gamma': 0.025, 'learning_rate': 0.01, 'max_depth': 6, 'n_estimators': 250, 'subsample': 0.5}",0.2831858407079646,0.3185840707964602,0.34513274336283184,0.2920353982300885,0.3185840707964602,0.3115044247787611,0.0219640241521962,119
124,2.5661022663116455,0.12031097642990721,0.01257915496826172,0.00027388504435619794,0.5,0.025,0.01,6,250,0.7,"{'colsample_bytree': 0.5, 'gamma': 0.025, 'learning_rate': 0.01, 'max_depth': 6, 'n_estimators': 250, 'subsample': 0.7}",0.3008849557522124,0.3185840707964602,0.37168141592920356,0.3185840707964602,0.35398230088495575,0.3327433628318584,0.026012280454334638,2
125,2.4557306289672853,0.10298910534036049,0.012339544296264649,0.000182098510698035,0.5,0.025,0.01,6,250,0.9,"{'colsample_bytree': 0.5, 'gamma': 0.025, 'learning_rate': 0.01, 'max_depth': 6, 'n_estimators': 250, 'subsample': 0.9}",0.26548672566371684,0.2920353982300885,0.3274336283185841,0.30973451327433627,0.34513274336283184,0.30796460176991153,0.027646901507634162,180
126,1.466198778152466,0.06610139761746125,0.008202409744262696,0.0002480012411000847,0.5,0.025,0.01,7,150,0.5,"{'colsample_bytree': 0.5, 'gamma': 0.025, 'learning_rate': 0.01, 'max_depth': 7, 'n_estimators': 150, 'subsample': 0.5}",0.2831858407079646,0.30973451327433627,0.336283185840708,0.3008849557522124,0.30973451327433627,0.30796460176991153,0.01715992869881887,180
127,1.586594009399414,0.06444974216235773,0.009112071990966798,0.0007130862458139783,0.5,0.025,0.01,7,150,0.7,"{'colsample_bytree': 0.5, 'gamma': 0.025, 'learning_rate': 0.01, 'max_depth': 7, 'n_estimators': 150, 'subsample': 0.7}",0.3008849557522124,0.2920353982300885,0.35398230088495575,0.30973451327433627,0.3274336283185841,0.3168141592920354,0.021964024152196202,76
128,1.6238081932067872,0.0634262279779421,0.011639404296875,0.0021276263866900126,0.5,0.025,0.01,7,150,0.9,"{'colsample_bytree': 0.5, 'gamma': 0.025, 'learning_rate': 0.01, 'max_depth': 7, 'n_estimators': 150, 'subsample': 0.9}",0.2743362831858407,0.3008849557522124,0.336283185840708,0.2920353982300885,0.3274336283185841,0.30619469026548674,0.022803714560575453,209
129,2.0451305866241456,0.08362266641478146,0.010064697265625,0.0005430644070488162,0.5,0.025,0.01,7,200,0.5,"{'colsample_bytree': 0.5, 'gamma': 0.025, 'learning_rate': 0.01, 'max_depth': 7, 'n_estimators': 200, 'subsample': 0.5}",0.2743362831858407,0.3185840707964602,0.34513274336283184,0.3008849557522124,0.3185840707964602,0.3115044247787611,0.023346736209332596,119
130,2.107669734954834,0.03261322192344846,0.010947275161743163,0.0007206233701326588,0.5,0.025,0.01,7,200,0.7,"{'colsample_bytree': 0.5, 'gamma': 0.025, 'learning_rate': 0.01, 'max_depth': 7, 'n_estimators': 200, 'subsample': 0.7}",0.30973451327433627,0.3008849557522124,0.36283185840707965,0.3274336283185841,0.35398230088495575,0.33097345132743367,0.024138374684930717,3
131,2.2667701721191404,0.10794447714015933,0.013167285919189453,0.0022769074994009385,0.5,0.025,0.01,7,200,0.9,"{'colsample_bytree': 0.5, 'gamma': 0.025, 'learning_rate': 0.01, 'max_depth': 7, 'n_estimators': 200, 'subsample': 0.9}",0.2920353982300885,0.3185840707964602,0.336283185840708,0.3274336283185841,0.336283185840708,0.3221238938053098,0.01641348406282426,19
132,2.47606840133667,0.11632008821057056,0.013286638259887695,0.0026452915765760848,0.5,0.025,0.01,7,250,0.5,"{'colsample_bytree': 0.5, 'gamma': 0.025, 'learning_rate': 0.01, 'max_depth': 7, 'n_estimators': 250, 'subsample': 0.5}",0.2831858407079646,0.3185840707964602,0.34513274336283184,0.2920353982300885,0.3274336283185841,0.3132743362831859,0.022803714560575436,103
133,2.734775352478027,0.11897562705362469,0.01398324966430664,0.0022420307001525704,0.5,0.025,0.01,7,250,0.7,"{'colsample_bytree': 0.5, 'gamma': 0.025, 'learning_rate': 0.01, 'max_depth': 7, 'n_estimators': 250, 'subsample': 0.7}",0.3008849557522124,0.30973451327433627,0.3274336283185841,0.3185840707964602,0.34513274336283184,0.32035398230088497,0.015225354454942693,35
134,2.869850492477417,0.12204890036792146,0.013707208633422851,0.0005568354681871816,0.5,0.025,0.01,7,250,0.9,"{'colsample_bytree': 0.5, 'gamma': 0.025, 'learning_rate': 0.01, 'max_depth': 7, 'n_estimators': 250, 'subsample': 0.9}",0.2743362831858407,0.30973451327433627,0.30973451327433627,0.3185840707964602,0.336283185840708,0.3097345132743363,0.02018009601945378,149
135,1.261059617996216,0.06502110790463533,0.0088165283203125,0.0015901595722246278,0.5,0.05,0.01,5,150,0.5,"{'colsample_bytree': 0.5, 'gamma': 0.05, 'learning_rate': 0.01, 'max_depth': 5, 'n_estimators': 150, 'subsample': 0.5}",0.2831858407079646,0.3008849557522124,0.34513274336283184,0.2831858407079646,0.3274336283185841,0.3079646017699115,0.024652014649883393,205
136,1.290144395828247,0.053321584955669174,0.008324670791625976,0.00035262104302664703,0.5,0.05,0.01,5,150,0.7,"{'colsample_bytree': 0.5, 'gamma': 0.05, 'learning_rate': 0.01, 'max_depth': 5, 'n_estimators': 150, 'subsample': 0.7}",0.2831858407079646,0.2920353982300885,0.34513274336283184,0.3008849557522124,0.336283185840708,0.3115044247787611,0.024652014649883397,119
137,1.2594832897186279,0.06478037166906123,0.009738969802856445,0.0034840491580608755,0.5,0.05,0.01,5,150,0.9,"{'colsample_bytree': 0.5, 'gamma': 0.05, 'learning_rate': 0.01, 'max_depth': 5, 'n_estimators': 150, 'subsample': 0.9}",0.2743362831858407,0.2831858407079646,0.336283185840708,0.2743362831858407,0.3274336283185841,0.2991150442477876,0.027074439895182944,242
138,1.6514245986938476,0.0870023401236075,0.009052610397338868,0.00046286783613880354,0.5,0.05,0.01,5,200,0.5,"{'colsample_bytree': 0.5, 'gamma': 0.05, 'learning_rate': 0.01, 'max_depth': 5, 'n_estimators': 200, 'subsample': 0.5}",0.2743362831858407,0.3185840707964602,0.336283185840708,0.2831858407079646,0.3274336283185841,0.30796460176991153,0.024652014649883407,180
139,1.6981200218200683,0.062360624267403915,0.009565401077270507,0.0005255102320288258,0.5,0.05,0.01,5,200,0.7,"{'colsample_bytree': 0.5, 'gamma': 0.05, 'learning_rate': 0.01, 'max_depth': 5, 'n_estimators': 200, 'subsample': 0.7}",0.3008849557522124,0.3008849557522124,0.36283185840707965,0.2920353982300885,0.35398230088495575,0.3221238938053098,0.029931919513783645,19
140,1.7182610034942627,0.11649737236763738,0.010525083541870118,0.002654122734439849,0.5,0.05,0.01,5,200,0.9,"{'colsample_bytree': 0.5, 'gamma': 0.05, 'learning_rate': 0.01, 'max_depth': 5, 'n_estimators': 200, 'subsample': 0.9}",0.2831858407079646,0.30973451327433627,0.336283185840708,0.3008849557522124,0.3274336283185841,0.3115044247787611,0.018897483631913833,119
141,2.080302381515503,0.08341749647497243,0.01040945053100586,0.0006103103146920436,0.5,0.05,0.01,5,250,0.5,"{'colsample_bytree': 0.5, 'gamma': 0.05, 'learning_rate': 0.01, 'max_depth': 5, 'n_estimators': 250, 'subsample': 0.5}",0.2831858407079646,0.3185840707964602,0.3185840707964602,0.2831858407079646,0.3274336283185841,0.30619469026548674,0.019062530290741612,209
142,2.1597020626068115,0.1219394864801,0.011382198333740235,0.0010140274492222601,0.5,0.05,0.01,5,250,0.7,"{'colsample_bytree': 0.5, 'gamma': 0.05, 'learning_rate': 0.01, 'max_depth': 5, 'n_estimators': 250, 'subsample': 0.7}",0.2831858407079646,0.3008849557522124,0.36283185840707965,0.2920353982300885,0.35398230088495575,0.31858407079646023,0.03311201227233576,47
143,2.1335878372192383,0.09637758897256814,0.011170530319213867,0.0003479811612280141,0.5,0.05,0.01,5,250,0.9,"{'colsample_bytree': 0.5, 'gamma': 0.05, 'learning_rate': 0.01, 'max_depth': 5, 'n_estimators': 250, 'subsample': 0.9}",0.2743362831858407,0.3008849557522124,0.336283185840708,0.2920353982300885,0.336283185840708,0.30796460176991153,0.02465201464988341,180
144,1.349298620223999,0.04496163528219244,0.00782947540283203,0.0004328174318269067,0.5,0.05,0.01,6,150,0.5,"{'colsample_bytree': 0.5, 'gamma': 0.05, 'learning_rate': 0.01, 'max_depth': 6, 'n_estimators': 150, 'subsample': 0.5}",0.2831858407079646,0.30973451327433627,0.34513274336283184,0.3008849557522124,0.3185840707964602,0.3115044247787611,0.02048820690759331,119
145,1.4652732372283936,0.05279942694362223,0.008652019500732421,0.00034310941558104394,0.5,0.05,0.01,6,150,0.7,"{'colsample_bytree': 0.5, 'gamma': 0.05, 'learning_rate': 0.01, 'max_depth': 6, 'n_estimators': 150, 'subsample': 0.7}",0.2920353982300885,0.2920353982300885,0.34513274336283184,0.3185840707964602,0.336283185840708,0.3168141592920354,0.021964024152196202,76
146,1.4759438037872314,0.09521223649538177,0.009047412872314453,0.0008980324800788622,0.5,0.05,0.01,6,150,0.9,"{'colsample_bytree': 0.5, 'gamma': 0.05, 'learning_rate': 0.01, 'max_depth': 6, 'n_estimators': 150, 'subsample': 0.9}",0.26548672566371684,0.2920353982300885,0.336283185840708,0.2831858407079646,0.3274336283185841,0.3008849557522124,0.026842036970093984,238
147,1.9363925457000732,0.12414899650077604,0.009759807586669922,0.0005737502679299984,0.5,0.05,0.01,6,200,0.5,"{'colsample_bytree': 0.5, 'gamma': 0.05, 'learning_rate': 0.01, 'max_depth': 6, 'n_estimators': 200, 'subsample': 0.5}",0.2743362831858407,0.3274336283185841,0.336283185840708,0.30973451327433627,0.3274336283185841,0.31504424778761064,0.022106187604950096,89
148,1.9072430610656739,0.027147488554405158,0.010423421859741211,0.0006260894403467996,0.5,0.05,0.01,6,200,0.7,"{'colsample_bytree': 0.5, 'gamma': 0.05, 'learning_rate': 0.01, 'max_depth': 6, 'n_estimators': 200, 'subsample': 0.7}",0.30973451327433627,0.30973451327433627,0.35398230088495575,0.3185840707964602,0.35398230088495575,0.3292035398230088,0.020488206907593322,8
149,2.034342622756958,0.09174089790131731,0.011715078353881836,0.0013421370968816752,0.5,0.05,0.01,6,200,0.9,"{'colsample_bytree': 0.5, 'gamma': 0.05, 'learning_rate': 0.01, 'max_depth': 6, 'n_estimators': 200, 'subsample': 0.9}",0.2743362831858407,0.2920353982300885,0.336283185840708,0.2920353982300885,0.336283185840708,0.30619469026548674,0.025403009016650144,209
150,2.2875091075897216,0.05049450893881364,0.012076520919799804,0.0009752476420755616,0.5,0.05,0.01,6,250,0.5,"{'colsample_bytree': 0.5, 'gamma': 0.05, 'learning_rate': 0.01, 'max_depth': 6, 'n_estimators': 250, 'subsample': 0.5}",0.2831858407079646,0.3185840707964602,0.35398230088495575,0.2920353982300885,0.336283185840708,0.3168141592920354,0.026489609817868614,76
151,2.436699724197388,0.10356132764347414,0.012875604629516601,0.0017339922506878216,0.5,0.05,0.01,6,250,0.7,"{'colsample_bytree': 0.5, 'gamma': 0.05, 'learning_rate': 0.01, 'max_depth': 6, 'n_estimators': 250, 'subsample': 0.7}",0.2920353982300885,0.30973451327433627,0.35398230088495575,0.3185840707964602,0.34513274336283184,0.32389380530973455,0.022803714560575436,13
152,2.588836145401001,0.11389915038187566,0.013438987731933593,0.0003638855360445216,0.5,0.05,0.01,6,250,0.9,"{'colsample_bytree': 0.5, 'gamma': 0.05, 'learning_rate': 0.01, 'max_depth': 6, 'n_estimators': 250, 'subsample': 0.9}",0.26548672566371684,0.2831858407079646,0.3274336283185841,0.30973451327433627,0.336283185840708,0.304424778761062,0.02660760420950957,226
153,1.3984666347503663,0.017833360570024444,0.00774836540222168,0.00022941849299227735,0.5,0.05,0.01,7,150,0.5,"{'colsample_bytree': 0.5, 'gamma': 0.05, 'learning_rate': 0.01, 'max_depth': 7, 'n_estimators': 150, 'subsample': 0.5}",0.2920353982300885,0.30973451327433627,0.34513274336283184,0.3008849557522124,0.30973451327433627,0.31150442477876106,0.018049626596788607,143
154,1.6059593200683593,0.054026963373198254,0.008409643173217773,9.257675229579703e-05,0.5,0.05,0.01,7,150,0.7,"{'colsample_bytree': 0.5, 'gamma': 0.05, 'learning_rate': 0.01, 'max_depth': 7, 'n_estimators': 150, 'subsample': 0.7}",0.2920353982300885,0.2920353982300885,0.35398230088495575,0.3008849557522124,0.3274336283185841,0.3132743362831859,0.02413837468493071,103
155,1.6845346927642821,0.05543690146401388,0.009370756149291993,0.00037695768544191365,0.5,0.05,0.01,7,150,0.9,"{'colsample_bytree': 0.5, 'gamma': 0.05, 'learning_rate': 0.01, 'max_depth': 7, 'n_estimators': 150, 'subsample': 0.9}",0.26548672566371684,0.3008849557522124,0.336283185840708,0.2831858407079646,0.3274336283185841,0.3026548672566372,0.026489609817868614,230
156,1.9710662364959717,0.12266344334285698,0.010330867767333985,0.0014847039730359374,0.5,0.05,0.01,7,200,0.5,"{'colsample_bytree': 0.5, 'gamma': 0.05, 'learning_rate': 0.01, 'max_depth': 7, 'n_estimators': 200, 'subsample': 0.5}",0.2743362831858407,0.3185840707964602,0.336283185840708,0.3008849557522124,0.3274336283185841,0.3115044247787611,0.021964024152196216,119
157,2.1900471687316894,0.12816582343466126,0.011878299713134765,0.0019591511940163305,0.5,0.05,0.01,7,200,0.7,"{'colsample_bytree': 0.5, 'gamma': 0.05, 'learning_rate': 0.01, 'max_depth': 7, 'n_estimators': 200, 'subsample': 0.7}",0.30973451327433627,0.30973451327433627,0.3805309734513274,0.3185840707964602,0.35398230088495575,0.3345132743362832,0.02820774770001633,1
158,2.2499390125274656,0.08926385235063308,0.011875677108764648,0.0006830607724956152,0.5,0.05,0.01,7,200,0.9,"{'colsample_bytree': 0.5, 'gamma': 0.05, 'learning_rate': 0.01, 'max_depth': 7, 'n_estimators': 200, 'subsample': 0.9}",0.2920353982300885,0.30973451327433627,0.336283185840708,0.3185840707964602,0.336283185840708,0.31858407079646023,0.016790854832752465,47
159,2.3430721282958986,0.022822598619420036,0.011764812469482421,0.0008294169787688407,0.5,0.05,0.01,7,250,0.5,"{'colsample_bytree': 0.5, 'gamma': 0.05, 'learning_rate': 0.01, 'max_depth': 7, 'n_estimators': 250, 'subsample': 0.5}",0.2831858407079646,0.3185840707964602,0.336283185840708,0.2920353982300885,0.3185840707964602,0.3097345132743363,0.019388409115227122,149
160,2.712976360321045,0.08602894775322521,0.014653825759887695,0.0017372911085606734,0.5,0.05,0.01,7,250,0.7,"{'colsample_bytree': 0.5, 'gamma': 0.05, 'learning_rate': 0.01, 'max_depth': 7, 'n_estimators': 250, 'subsample': 0.7}",0.2920353982300885,0.3185840707964602,0.3274336283185841,0.3185840707964602,0.34513274336283184,0.32035398230088497,0.017159928698818855,35
161,2.7892086029052736,0.15788476705488788,0.014596796035766602,0.0016572952064714355,0.5,0.05,0.01,7,250,0.9,"{'colsample_bytree': 0.5, 'gamma': 0.05, 'learning_rate': 0.01, 'max_depth': 7, 'n_estimators': 250, 'subsample': 0.9}",0.2743362831858407,0.30973451327433627,0.3185840707964602,0.30973451327433627,0.336283185840708,0.3097345132743363,0.02018009601945378,149
162,1.4341755390167237,0.06816863656701083,0.0075528621673583984,0.0002729286518003012,0.6,0,0.01,5,150,0.5,"{'colsample_bytree': 0.6, 'gamma': 0, 'learning_rate': 0.01, 'max_depth': 5, 'n_estimators': 150, 'subsample': 0.5}",0.3008849557522124,0.30973451327433627,0.3274336283185841,0.3185840707964602,0.34513274336283184,0.32035398230088497,0.015225354454942693,35
163,1.4736704349517822,0.07651832983415635,0.008261680603027344,0.0006051718636561565,0.6,0,0.01,5,150,0.7,"{'colsample_bytree': 0.6, 'gamma': 0, 'learning_rate': 0.01, 'max_depth': 5, 'n_estimators': 150, 'subsample': 0.7}",0.2920353982300885,0.3008849557522124,0.3274336283185841,0.2920353982300885,0.3274336283185841,0.30796460176991153,0.016221506884799432,180
164,1.4506081581115722,0.06438392364860253,0.007945489883422852,0.0003825678932926398,0.6,0,0.01,5,150,0.9,"{'colsample_bytree': 0.6, 'gamma': 0, 'learning_rate': 0.01, 'max_depth': 5, 'n_estimators': 150, 'subsample': 0.9}",0.2831858407079646,0.2920353982300885,0.35398230088495575,0.3008849557522124,0.3274336283185841,0.31150442477876106,0.02589157316518193,143
165,1.8960302829742433,0.06222496783079465,0.01230311393737793,0.004149023199023789,0.6,0,0.01,5,200,0.5,"{'colsample_bytree': 0.6, 'gamma': 0, 'learning_rate': 0.01, 'max_depth': 5, 'n_estimators': 200, 'subsample': 0.5}",0.3008849557522124,0.30973451327433627,0.3274336283185841,0.3008849557522124,0.35398230088495575,0.31858407079646023,0.020180096019453763,47
166,1.9518216609954835,0.04106950487656071,0.009693527221679687,0.000581455211160768,0.6,0,0.01,5,200,0.7,"{'colsample_bytree': 0.6, 'gamma': 0, 'learning_rate': 0.01, 'max_depth': 5, 'n_estimators': 200, 'subsample': 0.7}",0.3008849557522124,0.3008849557522124,0.336283185840708,0.2920353982300885,0.336283185840708,0.3132743362831859,0.019062530290741612,103
167,2.189549207687378,0.16692843755873055,0.009465646743774415,0.00039717287729956215,0.6,0,0.01,5,200,0.9,"{'colsample_bytree': 0.6, 'gamma': 0, 'learning_rate': 0.01, 'max_depth': 5, 'n_estimators': 200, 'subsample': 0.9}",0.2831858407079646,0.3008849557522124,0.336283185840708,0.2920353982300885,0.3274336283185841,0.30796460176991153,0.020488206907593325,180
168,2.320202875137329,0.04176326389571113,0.01130375862121582,0.0016876200978610772,0.6,0,0.01,5,250,0.5,"{'colsample_bytree': 0.6, 'gamma': 0, 'learning_rate': 0.01, 'max_depth': 5, 'n_estimators': 250, 'subsample': 0.5}",0.30973451327433627,0.3185840707964602,0.30973451327433627,0.3008849557522124,0.35398230088495575,0.3185840707964601,0.01856298846318852,70
169,2.533443260192871,0.11270240706472114,0.011946916580200195,0.0015924547214921326,0.6,0,0.01,5,250,0.7,"{'colsample_bytree': 0.6, 'gamma': 0, 'learning_rate': 0.01, 'max_depth': 5, 'n_estimators': 250, 'subsample': 0.7}",0.3008849557522124,0.2920353982300885,0.3274336283185841,0.2920353982300885,0.336283185840708,0.3097345132743363,0.018562988463188525,149
170,2.47547869682312,0.12245388552582116,0.011708354949951172,0.0008288307110583034,0.6,0,0.01,5,250,0.9,"{'colsample_bytree': 0.6, 'gamma': 0, 'learning_rate': 0.01, 'max_depth': 5, 'n_estimators': 250, 'subsample': 0.9}",0.2831858407079646,0.3008849557522124,0.336283185840708,0.2831858407079646,0.3185840707964602,0.304424778761062,0.020640537680868327,226
171,1.5512815952301025,0.026416228985233967,0.009119701385498048,0.0017050445793974024,0.6,0,0.01,6,150,0.5,"{'colsample_bytree': 0.6, 'gamma': 0, 'learning_rate': 0.01, 'max_depth': 6, 'n_estimators': 150, 'subsample': 0.5}",0.30973451327433627,0.3008849557522124,0.3274336283185841,0.3008849557522124,0.336283185840708,0.31504424778761064,0.014378829034753913,89
172,1.8076163291931153,0.11685352363703626,0.00905766487121582,0.0009599088443328812,0.6,0,0.01,6,150,0.7,"{'colsample_bytree': 0.6, 'gamma': 0, 'learning_rate': 0.01, 'max_depth': 6, 'n_estimators': 150, 'subsample': 0.7}",0.3008849557522124,0.2920353982300885,0.3274336283185841,0.2920353982300885,0.336283185840708,0.3097345132743363,0.018562988463188525,149
173,1.8166853427886962,0.085265145176751,0.00912337303161621,0.00046556274748554534,0.6,0,0.01,6,150,0.9,"{'colsample_bytree': 0.6, 'gamma': 0, 'learning_rate': 0.01, 'max_depth': 6, 'n_estimators': 150, 'subsample': 0.9}",0.2831858407079646,0.2920353982300885,0.3274336283185841,0.2920353982300885,0.336283185840708,0.30619469026548674,0.02138592207715854,209
174,2.250590753555298,0.07773752973914107,0.009728813171386718,0.000390615488752413,0.6,0,0.01,6,200,0.5,"{'colsample_bytree': 0.6, 'gamma': 0, 'learning_rate': 0.01, 'max_depth': 6, 'n_estimators': 200, 'subsample': 0.5}",0.30973451327433627,0.30973451327433627,0.3274336283185841,0.2920353982300885,0.34513274336283184,0.3168141592920354,0.018049626596788614,76
175,2.3787763118743896,0.12883792797684168,0.010841560363769532,0.0007204527463260353,0.6,0,0.01,6,200,0.7,"{'colsample_bytree': 0.6, 'gamma': 0, 'learning_rate': 0.01, 'max_depth': 6, 'n_estimators': 200, 'subsample': 0.7}",0.30973451327433627,0.3008849557522124,0.3274336283185841,0.30973451327433627,0.34513274336283184,0.31858407079646023,0.015830569752210893,47
176,2.2634939670562746,0.04675760850295975,0.013177633285522461,0.004700419540607638,0.6,0,0.01,6,200,0.9,"{'colsample_bytree': 0.6, 'gamma': 0, 'learning_rate': 0.01, 'max_depth': 6, 'n_estimators': 200, 'subsample': 0.9}",0.2920353982300885,0.2831858407079646,0.3185840707964602,0.3008849557522124,0.336283185840708,0.30619469026548674,0.019062530290741612,209
177,2.759689283370972,0.21446194267506125,0.01163654327392578,0.0006216035989488059,0.6,0,0.01,6,250,0.5,"{'colsample_bytree': 0.6, 'gamma': 0, 'learning_rate': 0.01, 'max_depth': 6, 'n_estimators': 250, 'subsample': 0.5}",0.30973451327433627,0.3008849557522124,0.3008849557522124,0.2831858407079646,0.35398230088495575,0.30973451327433627,0.023745854628316347,170
178,2.980910396575928,0.18661079638388922,0.012544679641723632,0.0005180003748491878,0.6,0,0.01,6,250,0.7,"{'colsample_bytree': 0.6, 'gamma': 0, 'learning_rate': 0.01, 'max_depth': 6, 'n_estimators': 250, 'subsample': 0.7}",0.3008849557522124,0.3185840707964602,0.3185840707964602,0.2920353982300885,0.34513274336283184,0.31504424778761064,0.018222354231835387,89
179,2.849695253372192,0.20027122581737541,0.01299586296081543,0.0010061426364800508,0.6,0,0.01,6,250,0.9,"{'colsample_bytree': 0.6, 'gamma': 0, 'learning_rate': 0.01, 'max_depth': 6, 'n_estimators': 250, 'subsample': 0.9}",0.2831858407079646,0.30973451327433627,0.3274336283185841,0.2920353982300885,0.336283185840708,0.3097345132743363,0.020180096019453777,149
180,1.79133882522583,0.09006371181634526,0.008311796188354491,0.0006171239949569705,0.6,0,0.01,7,150,0.5,"{'colsample_bytree': 0.6, 'gamma': 0, 'learning_rate': 0.01, 'max_depth': 7, 'n_estimators': 150, 'subsample': 0.5}",0.30973451327433627,0.3274336283185841,0.3274336283185841,0.3008849557522124,0.336283185840708,0.32035398230088497,0.013006140227167323,35
181,1.9652184963226318,0.1470431562229741,0.009693098068237305,0.0016549474074905788,0.6,0,0.01,7,150,0.7,"{'colsample_bytree': 0.6, 'gamma': 0, 'learning_rate': 0.01, 'max_depth': 7, 'n_estimators': 150, 'subsample': 0.7}",0.3008849557522124,0.3008849557522124,0.3274336283185841,0.3274336283185841,0.3185840707964602,0.31504424778761064,0.01200412386393852,89
182,1.8794377326965332,0.033164157761374706,0.009194564819335938,0.00019025075989426323,0.6,0,0.01,7,150,0.9,"{'colsample_bytree': 0.6, 'gamma': 0, 'learning_rate': 0.01, 'max_depth': 7, 'n_estimators': 150, 'subsample': 0.9}",0.2831858407079646,0.2920353982300885,0.3274336283185841,0.30973451327433627,0.3274336283185841,0.30796460176991153,0.01804962659678862,180
183,2.3475347995758056,0.1076329888258598,0.010114955902099609,0.0005785367478799406,0.6,0,0.01,7,200,0.5,"{'colsample_bytree': 0.6, 'gamma': 0, 'learning_rate': 0.01, 'max_depth': 7, 'n_estimators': 200, 'subsample': 0.5}",0.30973451327433627,0.3274336283185841,0.3274336283185841,0.2920353982300885,0.35398230088495575,0.3221238938053097,0.02064053768086832,29
184,2.438619041442871,0.11018590486319668,0.011252689361572265,0.0016536534821567281,0.6,0,0.01,7,200,0.7,"{'colsample_bytree': 0.6, 'gamma': 0, 'learning_rate': 0.01, 'max_depth': 7, 'n_estimators': 200, 'subsample': 0.7}",0.30973451327433627,0.3185840707964602,0.336283185840708,0.3274336283185841,0.34513274336283184,0.3274336283185841,0.012515164268788456,11
185,2.5197565078735353,0.14593261060366405,0.011223220825195312,0.00040650038004681733,0.6,0,0.01,7,200,0.9,"{'colsample_bytree': 0.6, 'gamma': 0, 'learning_rate': 0.01, 'max_depth': 7, 'n_estimators': 200, 'subsample': 0.9}",0.2743362831858407,0.3185840707964602,0.3185840707964602,0.3185840707964602,0.336283185840708,0.3132743362831859,0.02064053768086833,103
186,2.906755065917969,0.1605947891553705,0.011075925827026368,0.00026306295719497264,0.6,0,0.01,7,250,0.5,"{'colsample_bytree': 0.6, 'gamma': 0, 'learning_rate': 0.01, 'max_depth': 7, 'n_estimators': 250, 'subsample': 0.5}",0.30973451327433627,0.30973451327433627,0.30973451327433627,0.2920353982300885,0.35398230088495575,0.3150442477876106,0.02064053768086832,100
187,3.1361709594726563,0.1337186017820808,0.012891674041748047,0.0003824501432548189,0.6,0,0.01,7,250,0.7,"{'colsample_bytree': 0.6, 'gamma': 0, 'learning_rate': 0.01, 'max_depth': 7, 'n_estimators': 250, 'subsample': 0.7}",0.3008849557522124,0.3274336283185841,0.3185840707964602,0.30973451327433627,0.336283185840708,0.31858407079646023,0.012515164268788456,47
188,3.334677886962891,0.18510995880959213,0.014226865768432618,0.001072278958647131,0.6,0,0.01,7,250,0.9,"{'colsample_bytree': 0.6, 'gamma': 0, 'learning_rate': 0.01, 'max_depth': 7, 'n_estimators': 250, 'subsample': 0.9}",0.2831858407079646,0.2920353982300885,0.3274336283185841,0.30973451327433627,0.35398230088495575,0.31327433628318585,0.02540300901665013,110
189,1.3893338680267333,0.013104966899741095,0.007534313201904297,0.00033603677063255604,0.6,0.025,0.01,5,150,0.5,"{'colsample_bytree': 0.6, 'gamma': 0.025, 'learning_rate': 0.01, 'max_depth': 5, 'n_estimators': 150, 'subsample': 0.5}",0.2920353982300885,0.30973451327433627,0.3274336283185841,0.30973451327433627,0.34513274336283184,0.3168141592920354,0.018049626596788614,76
190,1.5508400440216064,0.1198489420511503,0.007593679428100586,0.0001947807359691138,0.6,0.025,0.01,5,150,0.7,"{'colsample_bytree': 0.6, 'gamma': 0.025, 'learning_rate': 0.01, 'max_depth': 5, 'n_estimators': 150, 'subsample': 0.7}",0.2920353982300885,0.3008849557522124,0.3274336283185841,0.2920353982300885,0.336283185840708,0.3097345132743363,0.018562988463188525,149
191,1.4010647773742675,0.012241951290903361,0.007691431045532227,0.00040512640032404964,0.6,0.025,0.01,5,150,0.9,"{'colsample_bytree': 0.6, 'gamma': 0.025, 'learning_rate': 0.01, 'max_depth': 5, 'n_estimators': 150, 'subsample': 0.9}",0.2831858407079646,0.2920353982300885,0.35398230088495575,0.2920353982300885,0.3274336283185841,0.3097345132743363,0.02684203697009398,149
192,1.9476765155792237,0.08369869292744508,0.008929586410522461,0.000289636228158621,0.6,0.025,0.01,5,200,0.5,"{'colsample_bytree': 0.6, 'gamma': 0.025, 'learning_rate': 0.01, 'max_depth': 5, 'n_estimators': 200, 'subsample': 0.5}",0.3008849557522124,0.3185840707964602,0.336283185840708,0.2920353982300885,0.35398230088495575,0.32035398230088497,0.02266592650418707,35
193,1.9442973613739014,0.08564808938090433,0.009959173202514649,0.001028757712904789,0.6,0.025,0.01,5,200,0.7,"{'colsample_bytree': 0.6, 'gamma': 0.025, 'learning_rate': 0.01, 'max_depth': 5, 'n_estimators': 200, 'subsample': 0.7}",0.3008849557522124,0.3008849557522124,0.3274336283185841,0.3008849557522124,0.336283185840708,0.3132743362831859,0.015429730773595302,103
194,1.9190649032592773,0.0656432706508569,0.009480476379394531,0.0004607764580491306,0.6,0.025,0.01,5,200,0.9,"{'colsample_bytree': 0.6, 'gamma': 0.025, 'learning_rate': 0.01, 'max_depth': 5, 'n_estimators': 200, 'subsample': 0.9}",0.2831858407079646,0.3008849557522124,0.336283185840708,0.2920353982300885,0.3274336283185841,0.30796460176991153,0.020488206907593325,180
195,2.4544057846069336,0.09635776917094564,0.01257624626159668,0.004155206118047919,0.6,0.025,0.01,5,250,0.5,"{'colsample_bytree': 0.6, 'gamma': 0.025, 'learning_rate': 0.01, 'max_depth': 5, 'n_estimators': 250, 'subsample': 0.5}",0.30973451327433627,0.3185840707964602,0.3008849557522124,0.30973451327433627,0.35398230088495575,0.3185840707964601,0.018562988463188518,70
196,2.415223550796509,0.04309663756755299,0.010616397857666016,0.0002815992752682582,0.6,0.025,0.01,5,250,0.7,"{'colsample_bytree': 0.6, 'gamma': 0.025, 'learning_rate': 0.01, 'max_depth': 5, 'n_estimators': 250, 'subsample': 0.7}",0.3008849557522124,0.30973451327433627,0.3274336283185841,0.2831858407079646,0.336283185840708,0.3115044247787611,0.018897483631913833,119
197,2.4193967819213866,0.10026260362893007,0.010966110229492187,0.00020805894250629846,0.6,0.025,0.01,5,250,0.9,"{'colsample_bytree': 0.6, 'gamma': 0.025, 'learning_rate': 0.01, 'max_depth': 5, 'n_estimators': 250, 'subsample': 0.9}",0.2831858407079646,0.3008849557522124,0.336283185840708,0.2743362831858407,0.3185840707964602,0.3026548672566372,0.022665926504187084,230
198,1.5886788845062256,0.06972640484021449,0.008749914169311524,0.0017347936596252944,0.6,0.025,0.01,6,150,0.5,"{'colsample_bytree': 0.6, 'gamma': 0.025, 'learning_rate': 0.01, 'max_depth': 6, 'n_estimators': 150, 'subsample': 0.5}",0.30973451327433627,0.30973451327433627,0.336283185840708,0.3008849557522124,0.336283185840708,0.3185840707964602,0.01480814206255002,62
199,1.719045925140381,0.12629116653599226,0.00869450569152832,0.0009339135012177345,0.6,0.025,0.01,6,150,0.7,"{'colsample_bytree': 0.6, 'gamma': 0.025, 'learning_rate': 0.01, 'max_depth': 6, 'n_estimators': 150, 'subsample': 0.7}",0.3008849557522124,0.2920353982300885,0.3185840707964602,0.3008849557522124,0.336283185840708,0.3097345132743363,0.0158305697522109,149
200,1.7768346309661864,0.15814157584951552,0.01013031005859375,0.002615549758565474,0.6,0.025,0.01,6,150,0.9,"{'colsample_bytree': 0.6, 'gamma': 0.025, 'learning_rate': 0.01, 'max_depth': 6, 'n_estimators': 150, 'subsample': 0.9}",0.2920353982300885,0.3008849557522124,0.3274336283185841,0.2920353982300885,0.336283185840708,0.3097345132743363,0.018562988463188525,149
201,2.1553380489349365,0.14619702646641297,0.012356710433959962,0.00536954761326777,0.6,0.025,0.01,6,200,0.5,"{'colsample_bytree': 0.6, 'gamma': 0.025, 'learning_rate': 0.01, 'max_depth': 6, 'n_estimators': 200, 'subsample': 0.5}",0.30973451327433627,0.30973451327433627,0.3274336283185841,0.3008849557522124,0.36283185840707965,0.3221238938053097,0.022106187604950086,29
202,2.2831227779388428,0.14082226619351837,0.010443353652954101,0.0005430463823006527,0.6,0.025,0.01,6,200,0.7,"{'colsample_bytree': 0.6, 'gamma': 0.025, 'learning_rate': 0.01, 'max_depth': 6, 'n_estimators': 200, 'subsample': 0.7}",0.30973451327433627,0.3008849557522124,0.336283185840708,0.30973451327433627,0.35398230088495575,0.3221238938053098,0.01986720736340146,19
203,2.316816520690918,0.13042136898698561,0.010844659805297852,0.0009080321549349995,0.6,0.025,0.01,6,200,0.9,"{'colsample_bytree': 0.6, 'gamma': 0.025, 'learning_rate': 0.01, 'max_depth': 6, 'n_estimators': 200, 'subsample': 0.9}",0.2920353982300885,0.2831858407079646,0.3274336283185841,0.3008849557522124,0.336283185840708,0.30796460176991153,0.020488206907593325,180
204,2.549226236343384,0.026632804747660745,0.011060190200805665,0.00038276590435023275,0.6,0.025,0.01,6,250,0.5,"{'colsample_bytree': 0.6, 'gamma': 0.025, 'learning_rate': 0.01, 'max_depth': 6, 'n_estimators': 250, 'subsample': 0.5}",0.30973451327433627,0.3008849557522124,0.3008849557522124,0.2920353982300885,0.35398230088495575,0.3115044247787611,0.0219640241521962,119
205,2.9716673374176024,0.1618729211331554,0.012799406051635742,0.0020909500588790126,0.6,0.025,0.01,6,250,0.7,"{'colsample_bytree': 0.6, 'gamma': 0.025, 'learning_rate': 0.01, 'max_depth': 6, 'n_estimators': 250, 'subsample': 0.7}",0.3008849557522124,0.30973451327433627,0.35398230088495575,0.2920353982300885,0.34513274336283184,0.32035398230088497,0.024652014649883387,35
206,2.890317916870117,0.10900579636337701,0.015444374084472657,0.004657224823086723,0.6,0.025,0.01,6,250,0.9,"{'colsample_bytree': 0.6, 'gamma': 0.025, 'learning_rate': 0.01, 'max_depth': 6, 'n_estimators': 250, 'subsample': 0.9}",0.2831858407079646,0.30973451327433627,0.3185840707964602,0.30973451327433627,0.336283185840708,0.3115044247787611,0.017159928698818872,119
207,1.7149521350860595,0.07392046180850058,0.008723831176757813,0.0013664513091590112,0.6,0.025,0.01,7,150,0.5,"{'colsample_bytree': 0.6, 'gamma': 0.025, 'learning_rate': 0.01, 'max_depth': 7, 'n_estimators': 150, 'subsample': 0.5}",0.30973451327433627,0.3185840707964602,0.3274336283185841,0.3008849557522124,0.336283185840708,0.3185840707964602,0.012515164268788456,62
208,1.9277900218963624,0.08950981451909024,0.008752202987670899,0.0003342128680924929,0.6,0.025,0.01,7,150,0.7,"{'colsample_bytree': 0.6, 'gamma': 0.025, 'learning_rate': 0.01, 'max_depth': 7, 'n_estimators': 150, 'subsample': 0.7}",0.30973451327433627,0.3008849557522124,0.3274336283185841,0.3274336283185841,0.3185840707964602,0.31681415929203544,0.010320268840434159,73
209,1.9356677055358886,0.10101491181996301,0.009102058410644532,0.0003107859623812643,0.6,0.025,0.01,7,150,0.9,"{'colsample_bytree': 0.6, 'gamma': 0.025, 'learning_rate': 0.01, 'max_depth': 7, 'n_estimators': 150, 'subsample': 0.9}",0.2831858407079646,0.2920353982300885,0.336283185840708,0.3008849557522124,0.3274336283185841,0.30796460176991153,0.020488206907593325,180
210,2.37540807723999,0.13734271715650193,0.010080289840698243,0.0005486444371639216,0.6,0.025,0.01,7,200,0.5,"{'colsample_bytree': 0.6, 'gamma': 0.025, 'learning_rate': 0.01, 'max_depth': 7, 'n_estimators': 200, 'subsample': 0.5}",0.30973451327433627,0.30973451327433627,0.3185840707964602,0.2920353982300885,0.34513274336283184,0.3150442477876106,0.01734152030288975,100
211,2.3852845191955567,0.01732586195209944,0.010811996459960938,0.0005289400168605962,0.6,0.025,0.01,7,200,0.7,"{'colsample_bytree': 0.6, 'gamma': 0.025, 'learning_rate': 0.01, 'max_depth': 7, 'n_estimators': 200, 'subsample': 0.7}",0.30973451327433627,0.3185840707964602,0.34513274336283184,0.3274336283185841,0.35398230088495575,0.33097345132743367,0.016413484062824255,3
212,2.558424234390259,0.08419630110387413,0.01199197769165039,0.0006650080147245215,0.6,0.025,0.01,7,200,0.9,"{'colsample_bytree': 0.6, 'gamma': 0.025, 'learning_rate': 0.01, 'max_depth': 7, 'n_estimators': 200, 'subsample': 0.9}",0.2743362831858407,0.3008849557522124,0.3185840707964602,0.30973451327433627,0.3274336283185841,0.30619469026548674,0.018222354231835405,209
213,2.839344120025635,0.14855640584898244,0.011566972732543946,0.000855307684830948,0.6,0.025,0.01,7,250,0.5,"{'colsample_bytree': 0.6, 'gamma': 0.025, 'learning_rate': 0.01, 'max_depth': 7, 'n_estimators': 250, 'subsample': 0.5}",0.30973451327433627,0.30973451327433627,0.30973451327433627,0.2831858407079646,0.35398230088495575,0.31327433628318585,0.022803714560575443,110
214,3.0796688079833983,0.11172546275852192,0.013222599029541015,0.000882210994792131,0.6,0.025,0.01,7,250,0.7,"{'colsample_bytree': 0.6, 'gamma': 0.025, 'learning_rate': 0.01, 'max_depth': 7, 'n_estimators': 250, 'subsample': 0.7}",0.30973451327433627,0.3274336283185841,0.3274336283185841,0.30973451327433627,0.336283185840708,0.32212389380530976,0.01061946902654869,26
215,3.284482717514038,0.17369070813073298,0.0163665771484375,0.003722385015489028,0.6,0.025,0.01,7,250,0.9,"{'colsample_bytree': 0.6, 'gamma': 0.025, 'learning_rate': 0.01, 'max_depth': 7, 'n_estimators': 250, 'subsample': 0.9}",0.2831858407079646,0.3008849557522124,0.3274336283185841,0.3008849557522124,0.35398230088495575,0.31327433628318585,0.0247787610619469,110
216,1.3957898616790771,0.03610608574043518,0.007223987579345703,0.00028279288279094204,0.6,0.05,0.01,5,150,0.5,"{'colsample_bytree': 0.6, 'gamma': 0.05, 'learning_rate': 0.01, 'max_depth': 5, 'n_estimators': 150, 'subsample': 0.5}",0.2920353982300885,0.30973451327433627,0.3274336283185841,0.30973451327433627,0.34513274336283184,0.3168141592920354,0.018049626596788614,76
217,1.4733589172363282,0.0710280474789293,0.007677650451660157,0.00043222455943454067,0.6,0.05,0.01,5,150,0.7,"{'colsample_bytree': 0.6, 'gamma': 0.05, 'learning_rate': 0.01, 'max_depth': 5, 'n_estimators': 150, 'subsample': 0.7}",0.2920353982300885,0.3008849557522124,0.3274336283185841,0.2920353982300885,0.3274336283185841,0.30796460176991153,0.016221506884799432,180
218,1.477606201171875,0.09058782768095758,0.008270740509033203,0.0005219504708001036,0.6,0.05,0.01,5,150,0.9,"{'colsample_bytree': 0.6, 'gamma': 0.05, 'learning_rate': 0.01, 'max_depth': 5, 'n_estimators': 150, 'subsample': 0.9}",0.2831858407079646,0.2920353982300885,0.35398230088495575,0.2920353982300885,0.3274336283185841,0.3097345132743363,0.02684203697009398,149
219,1.9613900661468506,0.09821327284094669,0.009441328048706055,0.0005861225323410522,0.6,0.05,0.01,5,200,0.5,"{'colsample_bytree': 0.6, 'gamma': 0.05, 'learning_rate': 0.01, 'max_depth': 5, 'n_estimators': 200, 'subsample': 0.5}",0.3008849557522124,0.30973451327433627,0.34513274336283184,0.2831858407079646,0.35398230088495575,0.31858407079646023,0.026842036970093977,47
220,2.008066940307617,0.0833559666316622,0.00959310531616211,0.0003903672937055193,0.6,0.05,0.01,5,200,0.7,"{'colsample_bytree': 0.6, 'gamma': 0.05, 'learning_rate': 0.01, 'max_depth': 5, 'n_estimators': 200, 'subsample': 0.7}",0.3008849557522124,0.3008849557522124,0.3274336283185841,0.3008849557522124,0.34513274336283184,0.31504424778761064,0.018222354231835384,89
221,1.9292280673980713,0.09397340993443963,0.009349679946899414,0.000460797592356276,0.6,0.05,0.01,5,200,0.9,"{'colsample_bytree': 0.6, 'gamma': 0.05, 'learning_rate': 0.01, 'max_depth': 5, 'n_estimators': 200, 'subsample': 0.9}",0.2831858407079646,0.3008849557522124,0.336283185840708,0.2920353982300885,0.3274336283185841,0.30796460176991153,0.020488206907593325,180
222,2.4212595939636232,0.1413308009623201,0.011190319061279297,0.0008590046192386529,0.6,0.05,0.01,5,250,0.5,"{'colsample_bytree': 0.6, 'gamma': 0.05, 'learning_rate': 0.01, 'max_depth': 5, 'n_estimators': 250, 'subsample': 0.5}",0.30973451327433627,0.3185840707964602,0.30973451327433627,0.2920353982300885,0.35398230088495575,0.3168141592920354,0.020488206907593315,76
223,2.4475693702697754,0.15040864813480764,0.010635089874267579,0.0003392383355922116,0.6,0.05,0.01,5,250,0.7,"{'colsample_bytree': 0.6, 'gamma': 0.05, 'learning_rate': 0.01, 'max_depth': 5, 'n_estimators': 250, 'subsample': 0.7}",0.3008849557522124,0.3008849557522124,0.3274336283185841,0.2831858407079646,0.336283185840708,0.3097345132743363,0.019388409115227122,149
224,2.481535053253174,0.12837789021000792,0.011782979965209961,0.001158476024038082,0.6,0.05,0.01,5,250,0.9,"{'colsample_bytree': 0.6, 'gamma': 0.05, 'learning_rate': 0.01, 'max_depth': 5, 'n_estimators': 250, 'subsample': 0.9}",0.2920353982300885,0.3008849557522124,0.336283185840708,0.26548672566371684,0.3185840707964602,0.3026548672566372,0.024008247727877054,230
225,1.5691804885864258,0.06052970431124056,0.007801532745361328,0.0002908395140803495,0.6,0.05,0.01,6,150,0.5,"{'colsample_bytree': 0.6, 'gamma': 0.05, 'learning_rate': 0.01, 'max_depth': 6, 'n_estimators': 150, 'subsample': 0.5}",0.30973451327433627,0.3185840707964602,0.3274336283185841,0.3008849557522124,0.336283185840708,0.3185840707964602,0.012515164268788456,62
226,1.726943016052246,0.07058808984537346,0.008526802062988281,0.00038075242552569215,0.6,0.05,0.01,6,150,0.7,"{'colsample_bytree': 0.6, 'gamma': 0.05, 'learning_rate': 0.01, 'max_depth': 6, 'n_estimators': 150, 'subsample': 0.7}",0.3008849557522124,0.2920353982300885,0.30973451327433627,0.3008849557522124,0.336283185840708,0.30796460176991153,0.015225354454942705,180
227,1.6878729343414307,0.06572919152860421,0.008744525909423827,0.0005022125011756212,0.6,0.05,0.01,6,150,0.9,"{'colsample_bytree': 0.6, 'gamma': 0.05, 'learning_rate': 0.01, 'max_depth': 6, 'n_estimators': 150, 'subsample': 0.9}",0.2831858407079646,0.3008849557522124,0.3274336283185841,0.30973451327433627,0.336283185840708,0.3115044247787611,0.018897483631913833,119
228,2.1466134071350096,0.1372837147462919,0.010114097595214843,0.0016612263850679589,0.6,0.05,0.01,6,200,0.5,"{'colsample_bytree': 0.6, 'gamma': 0.05, 'learning_rate': 0.01, 'max_depth': 6, 'n_estimators': 200, 'subsample': 0.5}",0.30973451327433627,0.30973451327433627,0.3185840707964602,0.3008849557522124,0.35398230088495575,0.3185840707964601,0.01856298846318852,70
229,2.2617374420166017,0.1307123200304015,0.010119915008544922,0.00010478999686720226,0.6,0.05,0.01,6,200,0.7,"{'colsample_bytree': 0.6, 'gamma': 0.05, 'learning_rate': 0.01, 'max_depth': 6, 'n_estimators': 200, 'subsample': 0.7}",0.30973451327433627,0.3008849557522124,0.336283185840708,0.30973451327433627,0.35398230088495575,0.3221238938053098,0.01986720736340146,19
230,2.3294917583465575,0.13807419840563684,0.010930061340332031,0.0008155438911034029,0.6,0.05,0.01,6,200,0.9,"{'colsample_bytree': 0.6, 'gamma': 0.05, 'learning_rate': 0.01, 'max_depth': 6, 'n_estimators': 200, 'subsample': 0.9}",0.2920353982300885,0.2831858407079646,0.3185840707964602,0.3008849557522124,0.336283185840708,0.30619469026548674,0.019062530290741612,209
231,2.646340084075928,0.14122702493313113,0.01100778579711914,0.0005330339907915451,0.6,0.05,0.01,6,250,0.5,"{'colsample_bytree': 0.6, 'gamma': 0.05, 'learning_rate': 0.01, 'max_depth': 6, 'n_estimators': 250, 'subsample': 0.5}",0.30973451327433627,0.30973451327433627,0.2920353982300885,0.26548672566371684,0.35398230088495575,0.30619469026548674,0.02886638306247803,209
232,2.916125011444092,0.18330737085816964,0.012300586700439453,0.0007475736204467419,0.6,0.05,0.01,6,250,0.7,"{'colsample_bytree': 0.6, 'gamma': 0.05, 'learning_rate': 0.01, 'max_depth': 6, 'n_estimators': 250, 'subsample': 0.7}",0.3008849557522124,0.3274336283185841,0.336283185840708,0.2920353982300885,0.336283185840708,0.31858407079646023,0.018562988463188528,47
233,2.814565420150757,0.1336788433430392,0.012460947036743164,0.0002457259902843705,0.6,0.05,0.01,6,250,0.9,"{'colsample_bytree': 0.6, 'gamma': 0.05, 'learning_rate': 0.01, 'max_depth': 6, 'n_estimators': 250, 'subsample': 0.9}",0.2831858407079646,0.3008849557522124,0.30973451327433627,0.3008849557522124,0.336283185840708,0.30619469026548674,0.01734152030288976,209
234,1.7348458290100097,0.10818720656267002,0.009509420394897461,0.0023191250107952336,0.6,0.05,0.01,7,150,0.5,"{'colsample_bytree': 0.6, 'gamma': 0.05, 'learning_rate': 0.01, 'max_depth': 7, 'n_estimators': 150, 'subsample': 0.5}",0.30973451327433627,0.3185840707964602,0.3274336283185841,0.3008849557522124,0.336283185840708,0.3185840707964602,0.012515164268788456,62
235,1.9480018138885498,0.11709606142473614,0.009412670135498047,0.0010540077360772808,0.6,0.05,0.01,7,150,0.7,"{'colsample_bytree': 0.6, 'gamma': 0.05, 'learning_rate': 0.01, 'max_depth': 7, 'n_estimators': 150, 'subsample': 0.7}",0.2920353982300885,0.30973451327433627,0.30973451327433627,0.3274336283185841,0.3185840707964602,0.3115044247787611,0.011740264744620883,119
236,1.9767305850982666,0.12812785067724725,0.009574270248413086,0.0004705915215255292,0.6,0.05,0.01,7,150,0.9,"{'colsample_bytree': 0.6, 'gamma': 0.05, 'learning_rate': 0.01, 'max_depth': 7, 'n_estimators': 150, 'subsample': 0.9}",0.2831858407079646,0.2920353982300885,0.3274336283185841,0.30973451327433627,0.3274336283185841,0.30796460176991153,0.01804962659678862,180
237,2.3895293712615966,0.22532567630431513,0.009814310073852538,0.0006163960239125678,0.6,0.05,0.01,7,200,0.5,"{'colsample_bytree': 0.6, 'gamma': 0.05, 'learning_rate': 0.01, 'max_depth': 7, 'n_estimators': 200, 'subsample': 0.5}",0.30973451327433627,0.30973451327433627,0.3185840707964602,0.2920353982300885,0.35398230088495575,0.3168141592920354,0.020488206907593315,76
238,2.5260321617126467,0.18622075489333734,0.011271810531616211,0.00039769687213827,0.6,0.05,0.01,7,200,0.7,"{'colsample_bytree': 0.6, 'gamma': 0.05, 'learning_rate': 0.01, 'max_depth': 7, 'n_estimators': 200, 'subsample': 0.7}",0.3008849557522124,0.3185840707964602,0.3274336283185841,0.3274336283185841,0.34513274336283184,0.32389380530973455,0.0143788290347539,13
239,2.667992448806763,0.22538470919970474,0.013109922409057617,0.0019899659342974127,0.6,0.05,0.01,7,200,0.9,"{'colsample_bytree': 0.6, 'gamma': 0.05, 'learning_rate': 0.01, 'max_depth': 7, 'n_estimators': 200, 'subsample': 0.9}",0.2743362831858407,0.3008849557522124,0.3185840707964602,0.3185840707964602,0.336283185840708,0.3097345132743363,0.020941875338405733,149
240,2.8914474487304687,0.17349763212767427,0.012093544006347656,0.0006466053402738489,0.6,0.05,0.01,7,250,0.5,"{'colsample_bytree': 0.6, 'gamma': 0.05, 'learning_rate': 0.01, 'max_depth': 7, 'n_estimators': 250, 'subsample': 0.5}",0.3008849557522124,0.30973451327433627,0.30973451327433627,0.2831858407079646,0.35398230088495575,0.3115044247787611,0.023346736209332596,119
241,3.1305144786834718,0.10641276444275878,0.012552928924560548,0.00047616346929476856,0.6,0.05,0.01,7,250,0.7,"{'colsample_bytree': 0.6, 'gamma': 0.05, 'learning_rate': 0.01, 'max_depth': 7, 'n_estimators': 250, 'subsample': 0.7}",0.3008849557522124,0.3274336283185841,0.3274336283185841,0.30973451327433627,0.336283185840708,0.320353982300885,0.013006140227167319,34
242,2.7677471160888674,0.1367978018425762,0.011437463760375976,0.0007150689421560734,0.6,0.05,0.01,7,250,0.9,"{'colsample_bytree': 0.6, 'gamma': 0.05, 'learning_rate': 0.01, 'max_depth': 7, 'n_estimators': 250, 'subsample': 0.9}",0.2743362831858407,0.2920353982300885,0.3274336283185841,0.3008849557522124,0.35398230088495575,0.30973451327433627,0.027984758054587427,170
